,Lemma,POS,meaning_en
22746,aagje,SPEC,
23082,aanbevolen,SPEC,
23084,aanbid,SPEC,
23582,aaneen,BW,
23643,aangaat,SPEC,
23677,aangebroken,SPEC,
23695,aangedreven,SPEC,
23723,aangekomen,SPEC,
23733,aangelegd,SPEC,
23797,aangeschoten,ADJ,
23800,aangeschoten,N,
23802,aangeslagen,ADJ,
23805,aangeslagen,N,
23825,aangetekend,ADJ,
23827,aangetekend,WW,
23873,aangewezen,ADJ,
23875,aangewezen,N,
23889,aangezien,VG,
24481,aanlaat,SPEC,
25235,aanschouwt,SPEC,
25582,aanstootgevend,ADJ,
25587,aanstootgevend,WW,
25674,aantekeningen,SPEC,
25793,aanvaard,SPEC,
26983,aardbevingen,SPEC,
27018,aardbewoners,SPEC,
27354,aardse,SPEC,
27599,aartsengelen,SPEC,
27662,aarzelend,SPEC,
27700,aasgieren,SPEC,
28085,abdis,SPEC,
28721,abraham,SPEC,
28763,abrahams,SPEC,
29247,academici,SPEC,
29651,accurate,SPEC,
29731,aces,SPEC,
29784,ach,BW,
29786,ach,SPEC,
29789,ach,TSW,
30038,achtendertig,TW,
30060,achtennegentig,SPEC,
30062,achtennegentig,TW,
30071,achtentachtig,TW,
30073,achtentwintig,TW,
30082,achtenveertig,TW,
30085,achtenvijftig,SPEC,
30087,achtenvijftig,TW,
30089,achtenzestig,TW,
30096,achtenzeventig,TW,
30098,achter,BW,
30100,achter,VZ,
30138,achteraan,BW,
30329,achtereen,BW,
30335,achtereenvolgens,BW,
30345,achterelkaar,BW,
30385,achtergestelde,SPEC,
30483,achterhaalden,SPEC,
30553,achterin,BW,
30555,achterin,SPEC,
30604,achterkom,ADJ,
30606,achterkom,WW,
30743,achterna,BW,
30806,achterom,BW,
30815,achterop,BW,
30827,achterover,BW,
30976,achterstevoren,BW,
31098,achtervolg,SPEC,
31178,achterwege,BW,
31308,achtste,TW,
31328,achttiende,TW,
31335,achttienduizend,TW,
31338,achttienhonderd,TW,
31675,acteerlessen,SPEC,
32181,acute,SPEC,
32201,ad,SPEC,
32807,adembenemend,ADJ,
32813,adembenemend,WW,
33660,adopteer,SPEC,
34435,advocaten,SPEC,
35294,afdelingshoofden,SPEC,
35639,afgedwaald,SPEC,
35659,afgekeurd,SPEC,
35683,afgelast,SPEC,
35704,afgeleefd,ADJ,
35707,afgeleefd,WW,
35713,afgelegen,ADJ,
35718,afgelegen,N,
35806,afgeschreven,SPEC,
35868,afgevaardigden,SPEC,
35894,afgewezen,SPEC,
35949,afghanen,SPEC,
36107,afhaaleten,SPEC,
36391,afkick,SPEC,
37517,afrikanen,SPEC,
38028,afschriften,SPEC,
38438,afspraakjes,SPEC,
39023,afterparty,SPEC,
39556,afwachtte,SPEC,
40995,agreement,SPEC,
42023,ais,SPEC,
42288,aken,SPEC,
44143,alcoholisten,SPEC,
44256,aldaar,BW,
44341,aldoor,BW,
44394,aldus,BW,
44481,aleer,VG,
44574,alen,SPEC,
45717,algemene,SPEC,
45820,algoritmes,SPEC,
45864,alhier,BW,
45866,alhoewel,VG,
46274,aliens,SPEC,
46620,alla,SPEC,
46815,allebei,TW,
46818,allebei,VNW,
47065,allemaal,BW,
47067,allemaal,SPEC,
47194,allengs,BW,
47260,allerbeste,SPEC,
47377,allerhande,BW,
47379,allerhande,SPEC,
47407,allerhoogste,SPEC,
47424,allerlaatst,ADJ,
47427,allerlaatst,WW,
47443,allerliefst,ADJ,
47449,allerliefst,BW,
47451,allerliefst,TW,
47453,allerliefst,WW,
47637,allesbehalve,BW,
47659,allesomvattend,ADJ,
47661,allesomvattend,WW,
47706,alleszins,BW,
47793,allicht,BW,
47870,alligators,SPEC,
48182,almachtige,SPEC,
48299,alom,BW,
48418,alpen,SPEC,
48597,alpine,SPEC,
48647,alras,BW,
48649,alras,SPEC,
48949,alsmaar,BW,
48951,alsmede,VG,
48955,alsnog,BW,
49280,althans,BW,
49307,altijd,BW,
49425,altoos,BW,
49535,alumni,SPEC,
49600,alvast,BW,
49695,alvorens,VG,
49703,alwaar,BW,
49735,alwetende,SPEC,
49795,alziend,ADJ,
49798,alziend,WW,
50260,amarillo,SPEC,
50435,amateurs,SPEC,
50556,amazonen,SPEC,
50568,amazones,SPEC,
50661,ambassadeurs,SPEC,
50965,ambtshalve,BW,
51490,amerikanen,SPEC,
52200,amper,BW,
52942,analyseer,SPEC,
52971,analyses,SPEC,
53073,anarchisten,SPEC,
53544,andermaal,BW,
53645,anderszins,BW,
53659,anderzijds,BW,
55064,angels,SPEC,
55504,ani,SPEC,
55661,anita,SPEC,
55734,anjers,SPEC,
56532,annex,SPEC,
56535,annex,VG,
56537,annex,VZ,
56705,anno,SPEC,
56707,anno,VZ,
56732,annuleer,SPEC,
56835,anonieme,SPEC,
56948,anschluss,SPEC,
57102,antarctische,SPEC,
58202,antidepressiva,SPEC,
58260,antieke,SPEC,
58598,antiquiteiten,SPEC,
59597,apaches,SPEC,
60280,apostelen,SPEC,
60413,appartementen,SPEC,
60509,appelboomgaarden,SPEC,
60930,april,SPEC,
61125,aquaria,SPEC,
61542,arbeiders,SPEC,
62204,archieven,SPEC,
62368,arctische,SPEC,
63116,ariërs,SPEC,
64405,arresteer,SPEC,
64664,art,SPEC,
65276,artiesten,SPEC,
65321,artificiële,SPEC,
66377,asjemenou,SPEC,
66546,asperger,SPEC,
66797,assepoesters,SPEC,
67028,assistenten,SPEC,
67304,aston,SPEC,
69466,aurelia,SPEC,
71327,avis,SPEC,
71513,avondje,SPEC,
71895,awel,BW,
71945,axels,SPEC,
72046,ayatollahs,SPEC,
73295,ba,SPEC,
73298,ba,VZ,
73659,baba,SPEC,
73838,babes,SPEC,
75802,baggy,SPEC,
76439,bakers,SPEC,
76522,bakkers,SPEC,
77236,ballasttanks,SPEC,
77434,balletje,SPEC,
77784,bals,SPEC,
78596,bandieten,SPEC,
78714,bands,SPEC,
78867,bange,SPEC,
79213,bankiers,SPEC,
79695,baptisten,SPEC,
79828,barakken,SPEC,
80069,barbaren,SPEC,
80274,barbituraten,SPEC,
80400,bardot,SPEC,
80435,barend,SPEC,
80468,baretten,SPEC,
80749,barmhartige,SPEC,
81121,barons,SPEC,
81310,barrington,SPEC,
81569,barstje,SPEC,
81920,base,SPEC,
82072,basic,SPEC,
82718,baskets,SPEC,
83069,bataljons,SPEC,
83116,bate,SPEC,
83687,baxters,SPEC,
83961,bazel,SPEC,
84342,beagles,SPEC,
84549,beantwoordt,SPEC,
84705,beate,SPEC,
84898,beaujolais,SPEC,
85656,bedekt,ADJ,
85658,bedekt,WW,
86166,bedoeïenen,SPEC,
86269,bedplassers,SPEC,
86406,bedrieg,SPEC,
87008,bedrogen,ADJ,
87010,bedrogen,N,
87141,bedwelm,SPEC,
87290,beef,SPEC,
87850,beertje,SPEC,
88168,bega,SPEC,
88492,beginners,SPEC,
88643,begon,SPEC,
88657,begonnen,SPEC,
88810,begrafenissen,SPEC,
88971,begrijpelijkerwijs,BW,
89436,behekste,SPEC,
89696,beieren,SPEC,
89955,bekeken,SPEC,
90409,beknopte,SPEC,
90535,bekras,SPEC,
90570,bekrompen,ADJ,
90573,bekrompen,N,
91638,belden,SPEC,
91859,belemmer,SPEC,
91912,belet,SPEC,
92521,bellers,SPEC,
92527,belletje,SPEC,
92630,bello,SPEC,
92785,beloften,SPEC,
92868,beloofde,SPEC,
92874,beloont,SPEC,
93119,beman,SPEC,
93189,bemerk,SPEC,
93320,bemoeiallen,SPEC,
94948,benodigd,ADJ,
94953,benodigd,WW,
94967,benoemd,SPEC,
95783,bepraat,SPEC,
95875,berbers,SPEC,
96059,berekend,ADJ,
96061,berekend,WW,
96403,bergaf,BW,
96658,bergketens,SPEC,
96725,bergop,BW,
96910,berijd,SPEC,
97753,beroepshalve,BW,
97989,beroof,SPEC,
97996,berooid,ADJ,
97999,berooid,WW,
98466,beschaamd,ADJ,
98468,beschaamd,WW,
98670,beschermers,SPEC,
98818,bescheten,ADJ,
98820,bescheten,N,
99025,beschuldigde,SPEC,
99103,besefte,SPEC,
99167,beslis,SPEC,
99229,beslist,ADJ,
99232,beslist,WW,
99262,besluip,SPEC,
99341,besmettelijke,SPEC,
99393,besmeurde,SPEC,
99469,bespaar,SPEC,
99915,bestaat,SPEC,
99949,bestanden,SPEC,
99971,beste,SPEC,
100019,besteel,SPEC,
100189,bestendige,SPEC,
100259,bestoft,ADJ,
100262,bestoft,WW,
100534,bestuurde,SPEC,
100643,bet,SPEC,
101496,betoverden,SPEC,
101619,betreft,SPEC,
101653,betrekkingen,SPEC,
102361,beursmakelaars,SPEC,
102559,beveel,SPEC,
102563,beveelt,SPEC,
103122,bevende,SPEC,
103271,bevestig,SPEC,
103332,bevestigt,SPEC,
103412,bevlogen,ADJ,
103415,bevlogen,N,
103457,bevoegden,SPEC,
103568,bevooroordeeld,ADJ,
103571,bevooroordeeld,WW,
103941,bewaak,SPEC,
103950,bewaard,SPEC,
104237,bewapende,ADJ,
104239,bewapende,WW,
104449,bewegingssensoren,SPEC,
104637,bewijst,SPEC,
104797,bewoners,SPEC,
105136,bezield,ADJ,
105138,bezield,WW,
105193,bezige,SPEC,
105412,bezoekers,SPEC,
105517,bezopen,ADJ,
105520,bezopen,N,
105619,bezorgt,SPEC,
105650,bezuinigt,SPEC,
105684,bezwangerd,SPEC,
106203,bibliothecarissen,SPEC,
106371,bid,SPEC,
107909,bijeen,BW,
107911,bijeen,VZ,
108004,bijen,SPEC,
108144,bijgestaan,SPEC,
108154,bijgevolg,BW,
108226,bijkans,BW,
108312,bijlange,BW,
108836,bijtje,SPEC,
108955,bijvoorbeeld,BW,
109085,bijzondere,SPEC,
111058,binnen,BW,
111060,binnen,SPEC,
111063,binnen,VZ,
111306,binnenhuis,BW,
111320,binnenin,BW,
111391,binnenkort,BW,
111410,binnenlaat,SPEC,
111429,binnenlandse,SPEC,
111595,binnenshuis,BW,
111732,binnenuit,BW,
111734,binnenuit,VZ,
112253,biologielessen,SPEC,
112278,biologische,SPEC,
112840,biscuits,SPEC,
113205,bitterzoete,SPEC,
113293,bizarre,SPEC,
113573,blaat,SPEC,
114135,bladen,SPEC,
114274,blaft,SPEC,
114621,blanken,SPEC,
114874,blauwe,SPEC,
114945,blauwhelmen,SPEC,
115060,blazers,SPEC,
115244,bleke,SPEC,
115883,blinde,SPEC,
115955,blinder,SPEC,
116382,blockbusters,SPEC,
116621,bloedens,BW,
116727,bloedige,SPEC,
116915,bloedproeven,SPEC,
117018,bloedstelpend,ADJ,
117020,bloedstelpend,WW,
117244,bloedzuigers,SPEC,
117590,bloempje,SPEC,
117749,blokkeer,SPEC,
117963,bloody,SPEC,
118048,bloosde,SPEC,
118194,blote,SPEC,
118271,blowers,SPEC,
118940,blus,SPEC,
120416,bobs,SPEC,
121382,boeketje,SPEC,
122175,boetes,SPEC,
122774,boksers,SPEC,
122927,bokte,SPEC,
123134,bolle,SPEC,
123149,bolleke,SPEC,
123304,bolsjewieken,SPEC,
123327,bolt,SPEC,
123557,bombrieven,SPEC,
123580,bomen,SPEC,
124017,bondgenoten,SPEC,
124371,bonnetje,SPEC,
124567,bonte,SPEC,
124698,bonussen,SPEC,
124840,bood,SPEC,
125016,boogschutters,SPEC,
125834,bootje,SPEC,
125909,boots,SPEC,
126902,borsten,SPEC,
126952,borstimplantaten,SPEC,
127129,bosbessen,SPEC,
127510,bosten,SPEC,
127815,boterbloempje,SPEC,
128089,botte,SPEC,
128400,boulanger,SPEC,
128566,bourbons,SPEC,
128920,bouwprojecten,SPEC,
128953,bouwt,SPEC,
129026,bouwzaken,SPEC,
129082,bovenaan,BW,
129094,bovenaf,BW,
129096,bovenal,BW,
129098,bovenal,SPEC,
129154,bovendien,BW,
129305,bovenop,BW,
129307,bovenop,VZ,
129373,bovenuit,BW,
129679,boxers,SPEC,
129914,boze,SPEC,
130068,braakliggend,ADJ,
130071,braakliggend,WW,
130930,brandeis,SPEC,
131493,brandt,SPEC,
131632,brandweerlui,SPEC,
131699,brandwerend,ADJ,
131701,brandwerend,WW,
131716,brandwonden,SPEC,
132039,braver,SPEC,
132590,breekt,SPEC,
133255,bretellen,SPEC,
133949,bridgers,SPEC,
133959,bridget,SPEC,
134201,brigades,SPEC,
135176,brod,SPEC,
135184,broden,SPEC,
135356,broeders,SPEC,
135628,broers,SPEC,
135641,broertjes,SPEC,
135759,brom,SPEC,
135838,bromsnor,SPEC,
135914,bronnen,SPEC,
136971,bruggen,SPEC,
137015,brugman,SPEC,
137415,bruine,SPEC,
137938,brutale,SPEC,
138945,buddy,SPEC,
139850,building,SPEC,
139986,buitenaardse,SPEC,
139994,buitenaf,BW,
140031,buitenboordmotoren,SPEC,
140113,buitengewesten,SPEC,
140115,buitengewone,SPEC,
140249,buitenlandse,SPEC,
140327,buitenom,BW,
140340,buitenopnamen,SPEC,
140401,buitenshuis,BW,
140638,buizerds,SPEC,
140936,bullets,SPEC,
141453,bunkers,SPEC,
141894,burgemeesters,SPEC,
142264,burgers,SPEC,
143161,bust,SPEC,
143403,butlers,SPEC,
143529,buttons,SPEC,
144011,bye,SPEC,
144114,bytes,SPEC,
145519,cactussen,SPEC,
145923,caesars,SPEC,
146694,calculeer,SPEC,
147095,call,SPEC,
147844,camels,SPEC,
148706,canada,SPEC,
148760,canadezen,SPEC,
148873,cancel,SPEC,
149611,capella,SPEC,
149630,capes,SPEC,
150005,caps,SPEC,
150025,capsules,SPEC,
150041,captains,SPEC,
150134,carabinieri,SPEC,
151726,carne,SPEC,
152652,carré,SPEC,
152803,carters,SPEC,
153102,cascades,SPEC,
154110,catacomben,SPEC,
154156,catalogi,SPEC,
154898,cavaliers,SPEC,
155797,celebrity,SPEC,
156359,centauren,SPEC,
156491,centers,SPEC,
156515,centimeters,SPEC,
156775,centurions,SPEC,
156858,cerberus,SPEC,
157127,cetera,SPEC,
157151,ceylon,SPEC,
157665,challengers,SPEC,
160124,charmante,SPEC,
160653,chauffeurs,SPEC,
160886,check-up,SPEC,
161078,cheerleaders,SPEC,
161158,cheeseburgers,SPEC,
161307,chefs,SPEC,
162464,chi,SPEC,
162882,chicks,SPEC,
163021,chiefs,SPEC,
163205,chilipoeder,ADJ,
163207,chilipoeder,SPEC,
163209,chilipoeder,WW,
163349,chimpansees,SPEC,
163650,chinook,SPEC,
163764,chipper,SPEC,
164716,choice,SPEC,
165419,christelijke,SPEC,
165441,christen,ADJ,
165443,christen,N,
165446,christen,SPEC,
167622,circa,BW,
168274,city,SPEC,
168924,clans,SPEC,
169319,clarks,SPEC,
169355,class,SPEC,
170069,clementine,SPEC,
170538,clinic,SPEC,
170951,close-ups,SPEC,
171109,clowns,SPEC,
171938,coaches,SPEC,
172013,coat,SPEC,
172591,cocktails,SPEC,
172687,cocoon,SPEC,
172876,codes,SPEC,
173119,cognacje,SPEC,
173442,colberts,SPEC,
173481,cold,SPEC,
173814,collect,SPEC,
174191,colliers,SPEC,
174537,colour,SPEC,
174621,colts,SPEC,
175517,comme,SPEC,
175550,commerce,SPEC,
175687,commissieleden,SPEC,
175769,commodores,SPEC,
175775,common,SPEC,
176015,communicator,SPEC,
176020,communiceert,SPEC,
176081,communisten,SPEC,
176109,communistische,SPEC,
176123,community,SPEC,
176290,compagnons,SPEC,
176515,complete,SPEC,
177266,computers,SPEC,
177304,computerspellen,SPEC,
177481,con,SPEC,
177908,concurrenten,SPEC,
178144,condooms,SPEC,
178673,congresleden,SPEC,
179254,conservatieven,SPEC,
179785,contacten,SPEC,
179800,contactgestoord,ADJ,
179802,contactgestoord,WW,
179979,conti,SPEC,
180189,contradictio,SPEC,
180539,controllers,SPEC,
180922,cools,ADJ,
180927,cools,SPEC,
180929,cools,TW,
180931,cools,WW,
180939,coolste,SPEC,
183653,couverts,SPEC,
183723,covers,SPEC,
183729,covert,SPEC,
183890,cowboys,SPEC,
183956,cox,SPEC,
184085,coïtus,SPEC,
184111,coördinaten,SPEC,
184320,crackers,SPEC,
184923,crazy,SPEC,
185626,crews,SPEC,
185643,creëert,SPEC,
185846,criminelen,SPEC,
186575,cross-country,SPEC,
186641,crossing,SPEC,
186836,cruces,SPEC,
186934,cruises,SPEC,
187637,cubanen,SPEC,
187802,cuisine,SPEC,
187902,culpa,SPEC,
187983,culturele,SPEC,
188094,cum,SPEC,
188287,cups,SPEC,
188325,curaçao,SPEC,
188833,cutters,SPEC,
189223,cycli,SPEC,
189260,cyclopen,SPEC,
190917,daar,BW,
190919,daar,SPEC,
190921,daar,VG,
190923,daar,VNW,
190960,daaraan,BW,
190964,daarachter,BW,
190966,daaraf,BW,
190972,daarbeneden,BW,
190974,daarbij,BW,
190988,daarboven,BW,
190990,daarboven,VZ,
190996,daarbovenop,BW,
190998,daarbuiten,BW,
191002,daardoor,BW,
191006,daarenboven,BW,
191008,daarentegen,BW,
191016,daarginds,BW,
191020,daarheen,BW,
191022,daarheen,SPEC,
191044,daarjuist,BW,
191048,daarlangs,BW,
191054,daarmee,BW,
191056,daarmee,VZ,
191064,daarna,BW,
191074,daarnaar,BW,
191076,daarnaartoe,BW,
191078,daarnaast,BW,
191084,daarnet,BW,
191100,daaromheen,BW,
191106,daaronder,BW,
191118,daarover,BW,
191122,daaroverheen,BW,
191132,daarstraks,BW,
191136,daartegen,BW,
191138,daartegenover,BW,
191140,daartoe,BW,
191142,daartussen,BW,
191144,daartussenin,BW,
191146,daaruit,BW,
191169,daarvoor,BW,
191171,daarvoor,SPEC,
191420,daden,SPEC,
191924,dagloners,SPEC,
192531,daklozen,SPEC,
193183,dames,SPEC,
194570,dankzij,VZ,
195242,danste,SPEC,
195250,dansten,SPEC,
195550,dapperder,BW,
195552,dappere,SPEC,
196306,dart,SPEC,
196994,datgene,VNW,
197166,datums,SPEC,
197575,davert,SPEC,
198827,dc,SPEC,
198969,de,LID,"the (definite article, for de-woorden)"
200903,death,SPEC,
201471,december,SPEC,
201653,deco,SPEC,
202335,deer,SPEC,
202369,deert,SPEC,
202785,degenen,VNW,
202814,degens,SPEC,
203584,delft,SPEC,
203664,delicatessen,SPEC,
203693,delicten,SPEC,
204419,dementia,SPEC,
204564,democraten,SPEC,
204654,demonen,SPEC,
204869,demp,SPEC,
204998,dender,SPEC,
206021,deportaties,SPEC,
206130,deprimeert,SPEC,
206405,derden,SPEC,
206425,derdewereldlanden,SPEC,
206553,derhalve,BW,
206594,dermate,BW,
206750,dertienduizend,TW,
206792,dertigduizend,TW,
206880,desalniettemin,BW,
207343,desnoods,BW,
207353,desolate,SPEC,
207364,desondanks,BW,
207437,desperate,SPEC,
207506,desserts,SPEC,
207911,detectiveromans,SPEC,
208265,deuren,SPEC,
208422,deux,SPEC,
209094,dezen,VNW,
209608,diamanten,ADJ,
209610,diamanten,WW,
210293,dichtgegroeid,SPEC,
211251,diefstallen,SPEC,
211269,diegene,VNW,
211356,dien,SPEC,
211358,dien,VNW,
211374,dienaars,SPEC,
211492,dienstdoende,SPEC,
211697,dienstweigeraars,SPEC,
211797,diepgaand,ADJ,
211803,diepgaand,N,
211900,dieptepunten,SPEC,
212084,dieren,SPEC,
212430,dierenrechten,SPEC,
212503,dierentuinen,SPEC,
212619,dierlijke,SPEC,
212646,dies,SPEC,
212673,diesels,SPEC,
212874,different,SPEC,
213409,dikwijls,BW,
213630,dim,SPEC,
214094,dingetje,SPEC,
214608,diplomatieke,SPEC,
216345,dixieland,SPEC,
217390,dobermanns,SPEC,
217622,doch,VG,
217831,doctors,SPEC,
219024,does,SPEC,
219031,doet,SPEC,
219796,dolby,SPEC,
219800,dolce,SPEC,
219874,dolf,SPEC,
220615,dominicaanse,SPEC,
220619,dominicanen,SPEC,
220877,doms,SPEC,
221613,donaties,SPEC,
221691,donderdagen,SPEC,
221840,dong,SPEC,
222310,donors,SPEC,
222443,donuts,SPEC,
222687,dooddoeners,SPEC,
222764,doodgeschoten,SPEC,
222769,doodgeslagen,SPEC,
222794,doodgraag,BW,
223514,doodverklaard,SPEC,
223521,doodvermoeiend,ADJ,
223523,doodvermoeiend,WW,
224148,doordat,VG,
224150,doordat,VZ,
224282,dooreen,BW,
224355,doorgaans,BW,
224792,doorluchtige,SPEC,
225079,doorslaat,SPEC,
225490,doorvoed,ADJ,
225492,doorvoed,WW,
225691,doorzoek,SPEC,
225898,dopers,SPEC,
226798,dossiers,SPEC,
227101,douchemutsen,SPEC,
227527,dove,SPEC,
227728,downs,SPEC,
229240,dra,BW,
229481,draaiende,ADJ,
229483,draaiende,WW,
229601,draal,SPEC,
229898,dragons,SPEC,
229984,draken,SPEC,
230184,dram,SPEC,
230259,dramatischer,SPEC,
230698,dreadlocks,SPEC,
230844,dreigbrieven,SPEC,
230852,dreigementen,SPEC,
230868,dreigend,ADJ,
230872,dreigend,WW,
230874,dreigender,SPEC,
231436,driedaagse,SPEC,
231464,drieduizend,TW,
231553,driehonderd,TW,
231651,driemaal,BW,
231698,dries,SPEC,
231802,drieën,SPEC,
231804,drieën,TW,
231810,drieëndertig,TW,
231833,drieënnegentig,TW,
231837,drieëntwintig,TW,
231848,drieënveertig,TW,
231851,drieënvijftig,TW,
231854,drieënzestig,TW,
231859,drieënzeventig,TW,
231888,driftbuien,SPEC,
231900,drifters,SPEC,
232009,drijvers,SPEC,
232130,drink,SPEC,
232375,drives,SPEC,
233358,drop-out,SPEC,
233634,drugs,SPEC,
233857,drugshandelaren,SPEC,
234168,drugszaken,SPEC,
234402,drukbezette,SPEC,
234732,drummond,SPEC,
234842,drupt,SPEC,
234895,druïden,SPEC,
235552,dubloenen,SPEC,
236547,duinkerken,SPEC,
236600,duistere,SPEC,
236631,duisters,SPEC,
236884,duivelse,SPEC,
237065,duiven,SPEC,
237147,duizelingwekkend,ADJ,
237151,duizelingwekkend,WW,
237161,duizend,TW,
237401,dulcinea,SPEC,
238056,dunne,SPEC,
238062,dunner,SPEC,
238941,duurt,SPEC,
239330,dwarsgezeten,SPEC,
239427,dwaze,SPEC,
239519,dwergen,SPEC,
239687,dwing,SPEC,
239730,dwong,SPEC,
239935,dynamische,SPEC,
240341,déjà,SPEC,
241691,easy,SPEC,
242161,echte,SPEC,
242290,echtscheidingspapieren,SPEC,
243440,edele,SPEC,
243553,eden,SPEC,
244637,eeg,SPEC,
244777,een,LID,a/an (indefinite article)
245349,eendje,SPEC,
245393,eenenveertig,TW,
245401,eenenzeventig,TW,
245716,eentje,TW,
246016,eergisteren,BW,
246085,eerlijkheidshalve,BW,
246403,eerstgeborenen,SPEC,
246881,eeuwen,SPEC,
246898,eeuwig,ADJ,
246906,eeuwig,SPEC,
246908,eeuwig,WW,
246928,eeuwige,SPEC,
248048,eieren,SPEC,
248322,eigengemaakt,ADJ,
248325,eigengemaakt,WW,
248568,eikels,SPEC,
248588,eiken,ADJ,
248591,eiken,N,
248593,eiken,SPEC,
248668,eilanden,SPEC,
249336,eisenberg,SPEC,
250274,elders,BW,
250276,elders,SPEC,
251199,elfduizend,TW,
251202,elfen,SPEC,
251302,elfhonderd,TW,
252186,elkaar,BW,
252188,elkaar,SPEC,
252190,elkaar,VNW,
252392,ellen,SPEC,
252569,ellens,SPEC,
254489,emmers,SPEC,
254709,empire,SPEC,
255445,ene,BW,
255449,ene,TW,
255451,ene,VNW,
255845,enerzijds,BW,
255950,enge,SPEC,
256049,engelen,SPEC,
256253,engerds,SPEC,
256436,enigszins,BW,
256524,enkele,VNW,
256530,enkelen,VNW,
256603,enne,VG,
257215,enzovoort,BW,
257219,enzovoorts,BW,
257674,epoxy,SPEC,
257936,erachter,BW,
257938,erachter,VZ,
257955,eraf,BW,
258045,erbinnen,BW,
258083,erdoor,BW,
258089,erdoorheen,BW,
258103,ere,SPEC,
258170,erectieproblemen,SPEC,
258181,erectus,SPEC,
258414,erfde,SPEC,
258570,ergens,BW,
258572,ergens,SPEC,
258574,ergens,VNW,
258586,erger,SPEC,
258632,ergo,SPEC,
258915,erica,SPEC,
259336,erna,BW,
259338,erna,SPEC,
259351,ernaartoe,BW,
259357,ernaast,BW,
259639,eronder,BW,
259675,eropaf,BW,
259677,eropaf,SPEC,
259683,eropuit,BW,
259687,eros,SPEC,
259732,erover,BW,
259740,eroverheen,BW,
259818,ertegen,BW,
259826,ertegenin,BW,
259830,ertegenover,BW,
259870,ertussenin,BW,
259872,ertussenin,SPEC,
259874,ertussenin,VNW,
259897,eruit,BW,
259899,eruit,SPEC,
259901,eruit,VZ,
260133,ervoor,BW,
260135,ervoor,SPEC,
260137,ervoor,VZ,
260378,escape,SPEC,
260485,escorteert,SPEC,
260521,escorts,SPEC,
260798,espen,SPEC,
260904,esprit,SPEC,
260940,essays,SPEC,
260948,essen,SPEC,
260977,essentiële,SPEC,
261146,ester,SPEC,
262875,evacueer,SPEC,
263115,evangeliën,SPEC,
263348,evenals,VG,
263350,evenals,VZ,
263367,eveneens,BW,
263422,evenmin,BW,
263449,eventjes,BW,
263465,evenveel,BW,
263467,evenveel,TW,
263474,evenwel,BW,
263512,evenzeer,BW,
263514,evenzo,BW,
263520,ever,SPEC,
263627,evers,SPEC,
263655,everton,SPEC,
265179,excellenties,SPEC,
265258,exclusieve,SPEC,
265311,excuseer,SPEC,
265334,excuses,SPEC,
265426,executeurs,SPEC,
265636,exit,SPEC,
265858,experimenteer,SPEC,
265862,experimentele,SPEC,
266046,explosieven,SPEC,
266432,extraatje,SPEC,
266559,extreme,SPEC,
266862,ezeltje,SPEC,
268030,face,BW,
268032,face,SPEC,
268130,facto,SPEC,
268399,faillissementen,SPEC,
269612,familieproblemen,SPEC,
269841,familiezaken,SPEC,
270004,fancy,SPEC,
270159,fans,SPEC,
270425,fantasy,SPEC,
270459,fantomen,SPEC,
270737,farizeeërs,SPEC,
270794,farmaceutische,SPEC,
270842,farmers,SPEC,
270859,farms,SPEC,
271314,fata,SPEC,
271344,fatale,SPEC,
271434,fats,SPEC,
271658,faut,SPEC,
272420,februari,SPEC,
272949,feestje,SPEC,
273357,felbegeerd,ADJ,
273360,felbegeerd,WW,
273660,feller,SPEC,
274756,fetisjisten,SPEC,
275123,fiction,SPEC,
275616,figaro,SPEC,
275692,figuranten,SPEC,
276596,filmmakers,SPEC,
277216,financiële,SPEC,
277306,fine,SPEC,
277848,first,SPEC,
278258,five,SPEC,
278554,flamboyante,SPEC,
278815,flapperende,SPEC,
278847,flash,SPEC,
278919,flashy,SPEC,
279887,flinters,SPEC,
279998,flippers,SPEC,
280310,flodders,SPEC,
280413,flor,SPEC,
281082,fluorescerend,SPEC,
281356,flyers,SPEC,
281803,fokkers,SPEC,
282124,fondsen,SPEC,
282430,football,SPEC,
282432,football,VNW,
282707,force,SPEC,
282710,forceer,SPEC,
283006,forensische,SPEC,
283103,forma,SPEC,
283169,format,SPEC,
283273,formules,SPEC,
284485,fouilleer,SPEC,
284517,foundation,SPEC,
284838,foxen,SPEC,
285049,fragiele,SPEC,
285589,franciscanen,SPEC,
285645,franco,SPEC,
285714,francs,SPEC,
286439,franke,SPEC,
286448,franken,SPEC,
287028,fransozen,SPEC,
287515,freaks,SPEC,
288275,free,SPEC,
288796,freudiaan,SPEC,
289074,frietje,SPEC,
289093,friezen,SPEC,
289282,frites,SPEC,
290637,full,SPEC,
291198,fuseliers,SPEC,
291252,fusies,SPEC,
291273,fusion,SPEC,
292358,gaaien,SPEC,
292450,gaande,ADJ,
292452,gaande,WW,
292458,gaandeweg,BW,
292501,gaarne,BW,
293322,galactische,SPEC,
293564,galen,SPEC,
293749,galjoenen,SPEC,
294058,galt,SPEC,
294236,games,SPEC,
294669,gangsters,SPEC,
294875,gap,SPEC,
295157,garden,SPEC,
295420,garnalen,SPEC,
296024,gasbellen,SPEC,
296346,gastarbeiders,SPEC,
296733,gates,SPEC,
296761,gateway,SPEC,
297382,gazons,SPEC,
297674,geadopteerd,SPEC,
297693,geallieerden,SPEC,
297709,geannuleerd,SPEC,
297736,gearresteerd,SPEC,
297858,gebaseerd,SPEC,
297993,gebeld,SPEC,
298038,gebeurd,SPEC,
298103,gebeurt,SPEC,
298300,geblokt,ADJ,
298302,geblokt,WW,
298978,gecensureerd,SPEC,
298980,gecertificeerde,SPEC,
299015,gecodeerd,SPEC,
299396,gedecodeerd,SPEC,
299470,gedenk,SPEC,
299559,gedesoriënteerd,ADJ,
299561,gedesoriënteerd,WW,
299712,gedood,SPEC,
299737,gedownload,SPEC,
299918,gedragswetenschappen,SPEC,
299993,gedroeg,SPEC,
299999,gedrongen,ADJ,
300002,gedrongen,N,
300084,gedurende,VZ,
300406,geen,VNW,
300486,geenszins,BW,
300505,geert,SPEC,
300569,geestdodend,ADJ,
300572,geestdodend,WW,
301046,gefortuneerd,ADJ,
301049,gefortuneerd,WW,
301066,gefrituurd,SPEC,
301133,gegarandeerd,ADJ,
301136,gegarandeerd,WW,
301165,gegeven,ADJ,
301167,gegeven,N,
301172,gegeven,VZ,
301403,gehad,SPEC,
301519,gehandicapten,ADJ,
301521,gehandicapten,N,
301523,gehandicapten,SPEC,
301777,geheimzinnige,SPEC,
301834,geherprogrammeerd,SPEC,
302086,gehoornde,SPEC,
302310,geile,SPEC,
302665,gejat,SPEC,
302777,gekend,ADJ,
302780,gekend,WW,
302804,geketend,SPEC,
303101,geknipt,ADJ,
303104,geknipt,WW,
303185,gekozen,ADJ,
303187,gekozen,N,
303202,gekraakt,SPEC,
303249,gekroond,ADJ,
303251,gekroond,WW,
303259,gekruide,SPEC,
303265,gekruisigde,SPEC,
303357,gekwetst,ADJ,
303359,gekwetst,TW,
303361,gekwetst,WW,
303397,gelaarsde,SPEC,
303444,geladen,ADJ,
303446,geladen,N,
303471,gelanceerd,SPEC,
303595,geldautomaten,SPEC,
304044,geleefd,SPEC,
304062,geleerd,ADJ,
304066,geleerd,SPEC,
304068,geleerd,WW,
304152,gelegitimeerd,SPEC,
304454,gelijkenissen,SPEC,
305735,geluld,SPEC,
305749,geluncht,SPEC,
305938,gemaskerde,SPEC,
306091,gemeenschappelijke,SPEC,
306254,gemeentelijke,SPEC,
306621,genaaid,SPEC,
306706,genadige,SPEC,
306729,genas,SPEC,
306864,genees,SPEC,
306875,geneesheren,SPEC,
306911,geneest,SPEC,
306945,genen,SPEC,
306947,genen,VNW,
307148,generaals,SPEC,
307213,generale,SPEC,
307431,geneugten,SPEC,
307519,genezende,SPEC,
307600,geniale,SPEC,
307794,genoeg,ADJ,
307797,genoeg,BW,
307799,genoeg,SPEC,
307801,genoeg,WW,
308100,genua,SPEC,
308187,geobsedeerde,SPEC,
308442,geordend,ADJ,
308444,geordend,WW,
309488,gepensioneerden,SPEC,
309558,geplaatst,SPEC,
309617,gepoft,ADJ,
309619,gepoft,WW,
309667,geprezen,SPEC,
309687,geprobeerd,SPEC,
309793,geradbraakt,SPEC,
310203,gered,SPEC,
310334,geregistreerd,SPEC,
310350,gereisd,SPEC,
310513,gerijpt,ADJ,
310515,gerijpt,WW,
310980,gerukt,SPEC,
311075,geschatte,SPEC,
311081,gescheiden,ADJ,
311083,gescheiden,N,
311122,geschenken,SPEC,
311138,geschenkje,SPEC,
311306,geschifte,SPEC,
311341,geschillen,SPEC,
311380,geschonken,SPEC,
311385,geschoold,TW,
311722,geslagen,ADJ,
311725,geslagen,N,
311728,geslagen,SPEC,
311743,geslepen,ADJ,
311746,geslepen,N,
311956,gespeend,ADJ,
311958,gespeend,WW,
312118,gesproken,SPEC,
312198,gestand,ADJ,
312200,gestand,WW,
312310,gestolde,SPEC,
312330,gestoofde,ADJ,
312332,gestoofde,WW,
312363,gestoorde,SPEC,
312389,gestopt,ADJ,
312391,gestopt,SPEC,
312393,gestopt,WW,
312425,gestrand,SPEC,
312524,gesynchroniseerd,ADJ,
312527,gesynchroniseerd,WW,
312551,getaand,SPEC,
312563,getalenteerd,ADJ,
312568,getalenteerd,WW,
312572,getallen,SPEC,
312656,getelefoneerd,SPEC,
312757,getiteld,SPEC,
312784,getraind,ADJ,
312787,getraind,WW,
312883,getrouwd,ADJ,
312887,getrouwd,SPEC,
312889,getrouwd,WW,
313220,geurkaarsen,SPEC,
313512,gevangenen,ADJ,
313514,gevangenen,N,
313517,gevangenen,SPEC,
313835,gevangenissen,SPEC,
314361,gevederd,ADJ,
314363,gevederd,WW,
314448,gevende,SPEC,
314468,gevers,SPEC,
314512,gevlekt,ADJ,
314517,gevlekt,WW,
314521,gevlekte,SPEC,
314525,gevleugeld,ADJ,
314528,gevleugeld,WW,
314841,gevreesd,ADJ,
314844,gevreesd,WW,
314862,gevuld,ADJ,
314866,gevuld,SPEC,
314868,gevuld,WW,
314886,gewaagd,ADJ,
314891,gewaagd,WW,
314918,gewacht,SPEC,
315054,geweerschoten,SPEC,
315092,geweien,SPEC,
315231,geweldige,SPEC,
315294,geweldsmisdrijven,SPEC,
315380,gewerkt,SPEC,
315409,gewetenloos,ADJ,
315412,gewetenloos,SPEC,
315414,gewetenloos,WW,
315421,gewetensbezwaren,SPEC,
315466,gewichten,SPEC,
315547,gewiekst,ADJ,
315551,gewiekst,WW,
315570,gewild,ADJ,
315572,gewild,WW,
315816,gewoonweg,BW,
316081,gezellen,SPEC,
316205,gezichten,SPEC,
316491,gezinnen,SPEC,
316627,gezinszorg,SPEC,
316710,gezonden,SPEC,
316978,gezouten,ADJ,
316981,gezouten,N,
317063,geëerd,ADJ,
317065,geëerd,TW,
317067,geëerd,WW,
317114,geïnfiltreerd,SPEC,
317670,gibbons,SPEC,
318627,gillende,SPEC,
318993,ginder,BW,
319571,gister,BW,
319603,gisterenavond,BW,
319607,gisterenmiddag,BW,
319613,gisterennacht,BW,
319630,gistermiddag,BW,
319638,gisternacht,BW,
319642,gisterochtend,ADJ,
319644,gisterochtend,BW,
319646,gisterochtend,WW,
320096,gladiatoren,SPEC,
320335,glanzend,ADJ,
320337,glanzend,WW,
320994,glibbert,SPEC,
321316,glitterpakken,SPEC,
321394,globale,SPEC,
321436,globetrotters,SPEC,
321973,gluur,SPEC,
322881,godgeklaagd,ADJ,
322883,godgeklaagd,WW,
322908,godinnen,SPEC,
323344,godvrezende,SPEC,
323707,goeden,SPEC,
323886,goedgehumeurd,ADJ,
323888,goedgehumeurd,WW,
323892,goedgekeurd,SPEC,
324173,goeds,SPEC,
324886,gold,SPEC,
324961,golden,SPEC,
325570,goliath,SPEC,
325934,goochelaars,SPEC,
326005,goocheltrucje,SPEC,
326009,goocheltrucs,SPEC,
326534,gord,SPEC,
326774,gore,SPEC,
326789,goreng,SPEC,
327194,goten,SPEC,
327208,goth,SPEC,
327246,gothic,SPEC,
327421,gouden,ADJ,
327424,gouden,N,
327426,gouden,SPEC,
327608,goudkust,SPEC,
328083,gps,SPEC,
328140,gps-zenders,SPEC,
328349,graag,ADJ,
328355,graag,BW,
328357,graag,SPEC,
328360,graag,WW,
328544,graas,SPEC,
329108,grafton,SPEC,
329410,granaatscherven,SPEC,
329435,granaten,ADJ,
329437,granaten,SPEC,
329439,granaten,WW,
329612,grandes,SPEC,
329725,granieten,ADJ,
329727,granieten,N,
329751,granny,SPEC,
329927,grapjassen,SPEC,
330273,gratin,SPEC,
330367,grauwe,SPEC,
331027,greenberg,SPEC,
331583,grendels,SPEC,
331598,grenen,ADJ,
331601,grenen,N,
332133,grieken,SPEC,
332297,grieten,SPEC,
332397,griezels,SPEC,
332730,grijze,SPEC,
332838,grim,SPEC,
332892,grimes,SPEC,
333104,gris,SPEC,
333581,groenland,SPEC,
334029,groeven,SPEC,
334084,grofweg,BW,
334237,grondbeginselen,SPEC,
334973,grootste,SPEC,
335817,grover,SPEC,
336004,grunge,SPEC,
337251,gulle,VNW,
337296,gulpen,SPEC,
337323,gulzige,SPEC,
337895,gust,SPEC,
338541,gynaecologen,SPEC,
339504,haantjes,SPEC,
340153,haarzelf,VNW,
340187,haasje,SPEC,
340244,haat-liefde,ADJ,
340246,haat-liefde,SPEC,
340248,haat-liefde,WW,
340659,had,SPEC,
340724,hadden,SPEC,
341088,hagen,SPEC,
342093,halfeen,BW,
342332,halfvier,BW,
342345,halfvolle,SPEC,
342374,halfweg,BW,
342376,halfweg,SPEC,
342391,halfzes,BW,
342393,halfzeven,BW,
342832,halls,SPEC,
343050,halsoverkop,BW,
343201,halverwege,BW,
343203,halverwege,VZ,
343292,hamas,SPEC,
343444,hamerhaaien,SPEC,
343452,hamers,SPEC,
343471,hamert,SPEC,
343633,hammen,SPEC,
344613,handgemaakt,ADJ,
344615,handgemaakt,WW,
344635,handgeschreven,ADJ,
344638,handgeschreven,BW,
344640,handgeschreven,N,
344642,handgesneden,ADJ,
344644,handgesneden,N,
344665,handhaaf,SPEC,
344747,handjes,SPEC,
345195,hanen,SPEC,
345249,hangaars,SPEC,
346417,harder,SPEC,
346461,hardhorend,ADJ,
346463,hardhorend,WW,
346470,hardhouten,ADJ,
346472,hardhouten,N,
346492,harding,SPEC,
346841,harige,SPEC,
347448,harpen,SPEC,
348686,hartman,SPEC,
348830,hartstikke,BW,
348832,hartstikke,SPEC,
348894,hartverscheurend,ADJ,
348898,hartverscheurend,WW,
348907,hartverwarmend,ADJ,
348911,hartverwarmend,WW,
349905,haute,SPEC,
350097,havens,SPEC,
350713,hazards,SPEC,
350799,hazen,SPEC,
350952,hbs,SPEC,
352339,heelde,SPEC,
352877,heerlijke,SPEC,
352890,heers,SPEC,
352904,heerscharen,SPEC,
352934,heersers,SPEC,
352936,heerst,SPEC,
352960,heesters,SPEC,
353014,heetgebakerd,ADJ,
353017,heetgebakerd,WW,
353046,heetste,SPEC,
353279,heiden,ADJ,
353281,heiden,N,
353386,heikneuters,SPEC,
354373,helaas,BW,
354420,helden,SPEC,
354583,heldere,SPEC,
355599,helmpje,SPEC,
355749,helpende,SPEC,
356367,hemzelf,SPEC,
356370,hemzelf,VNW,
356477,hendrik,SPEC,
357367,henzelf,VNW,
358454,herhaal,SPEC,
359104,hermitage,SPEC,
359421,heroverweeg,SPEC,
359750,herren,SPEC,
359965,herschreven,SPEC,
360200,hersenkwabben,SPEC,
360688,herten,SPEC,
360838,hertrouwt,SPEC,
360969,hervormers,SPEC,
361047,herzie,SPEC,
361175,het,LID,"the (definite article, for het-woorden)"
361185,het,VNW,it
361701,heter,SPEC,
361988,hetwelk,SPEC,
361990,hetwelk,VNW,
362037,hetzelve,VNW,
362047,hetzij,VG,
362152,heupjes,SPEC,
362552,hezbollah,SPEC,
362764,hickory,SPEC,
362780,hidalgo,SPEC,
362971,hieraan,BW,
362973,hierachter,BW,
362975,hieraf,BW,
362991,hierbij,BW,
363006,hierboven,BW,
363021,hierdoor,BW,
363055,hierin,BW,
363092,hiermee,BW,
363098,hierna,BW,
363104,hiernaartoe,BW,
363106,hiernaast,BW,
363142,hieromheen,BW,
363144,hieromtrent,BW,
363146,hieronder,BW,
363162,hierover,BW,
363172,hiertegen,BW,
363180,hiertoe,BW,
363186,hieruit,BW,
363198,hiervandaan,BW,
363208,hiervoor,BW,
363788,hijzelf,BW,
363790,hijzelf,VNW,
364390,hindoes,SPEC,
364430,hinkel,SPEC,
364650,hipper,SPEC,
365348,hiëroglyfen,SPEC,
366465,hoeders,SPEC,
366467,hoedje,SPEC,
366473,hoedt,SPEC,
366752,hoelang,BW,
366754,hoelang,VG,
367266,hoever,BW,
367293,hoezeer,BW,
367295,hoezeer,VG,
367370,hofdames,SPEC,
367575,hoge,SPEC,
367704,hogere,SPEC,
367716,hogerhuis,SPEC,
368020,holden,SPEC,
368199,holle,SPEC,
368228,holler,SPEC,
368880,holt,SPEC,
368890,holten,SPEC,
369234,hommels,SPEC,
369448,homofiele,SPEC,
370468,honderdduizend,TW,
370525,honderdste,TW,
370551,honderduit,BW,
370561,honderdveertig,TW,
370568,honderdvijftig,TW,
371994,hoofden,SPEC,
372431,hoofdmotoren,SPEC,
373199,hoogdravend,ADJ,
373203,hoogdravend,WW,
373311,hoogheden,SPEC,
373364,hooglanden,SPEC,
373372,hooglanders,SPEC,
373379,hooglied,SPEC,
373515,hoogstens,BW,
373567,hoogtepunten,SPEC,
373599,hooguit,BW,
373601,hoogverheven,ADJ,
373603,hoogverheven,N,
373911,hoorde,VNW,
373965,hoornen,ADJ,
373967,hoornen,WW,
374132,hope,SPEC,
374192,hopeloze,SPEC,
374429,hordes,SPEC,
374510,horendol,BW,
374514,horens,BW,
374940,horst,SPEC,
375152,host,SPEC,
375195,hot,BW,
375197,hot,SPEC,
375831,hotels,SPEC,
376151,houdt,SPEC,
376221,hour,SPEC,
377593,hubs,SPEC,
378114,huidige,SPEC,
378351,huilt,SPEC,
378810,huismussen,SPEC,
378976,huisvrouwen,SPEC,
378982,huisvrouwtje,SPEC,
379063,huiveringwekkend,ADJ,
379066,huiveringwekkend,SPEC,
379068,huiveringwekkend,WW,
379072,huize,SPEC,
379258,huldigt,SPEC,
379518,hulpmiddelen,SPEC,
379810,human,SPEC,
379834,humane,SPEC,
379999,hummels,SPEC,
380322,huns,SPEC,
380483,hunzelf,VNW,
380653,hurk,SPEC,
381732,huwelijksvoorwaarden,ADJ,
381734,huwelijksvoorwaarden,N,
381811,huzaren,SPEC,
382751,hypocrieten,SPEC,
383998,ic,SPEC,
384248,idealiter,BW,
384337,idem,BW,
384339,idem,SPEC,
384422,identificeer,SPEC,
384685,idioten,SPEC,
384780,ie,VNW,
384836,iedereen,SPEC,
384838,iedereen,VNW,
384864,iedereens,SPEC,
384866,iedereens,VNW,
385106,iet,VNW,
385163,ietsjes,BW,
385171,ietwat,BW,
385429,ijdele,SPEC,
386168,ijsvissen,SPEC,
386375,ijzersterke,SPEC,
387022,ikzelf,VNW,
387622,immaterieel,ADJ,
387625,immaterieel,WW,
387634,immense,SPEC,
387646,immers,BW,
387914,imperia,SPEC,
388089,importeer,SPEC,
388923,inboorlingen,SPEC,
388952,inbox,SPEC,
389507,inderdaad,BW,
389509,inderdaad,SPEC,
389529,indertijd,BW,
389610,indianen,SPEC,
389760,indien,VG,
390173,industries,SPEC,
390229,ineen,BW,
390263,ineens,BW,
390922,informeer,SPEC,
391038,infrastructuren,SPEC,
391079,inga,SPEC,
391238,ingepraat,SPEC,
391260,ingeschakeld,SPEC,
391266,ingeslagen,SPEC,
391307,ingeval,VG,
391319,ingevolge,VZ,
392572,inmiddels,BW,
394532,integendeel,BW,
395398,interplanetaire,SPEC,
396780,inzake,VZ,
397195,ipso,SPEC,
397710,is,SPEC,
397713,is,TW,
398777,items,SPEC,
400034,jaag,SPEC,
400335,jaartje,SPEC,
401721,jackets,SPEC,
402667,jagers,SPEC,
402784,jaguars,SPEC,
405447,jankt,SPEC,
405577,januari,SPEC,
405712,japanners,SPEC,
405889,jaren,SPEC,
406162,jasmin,SPEC,
410113,jerrycans,SPEC,
410767,jetje,SPEC,
410992,jeugdherinneringen,SPEC,
411504,jezuïeten,SPEC,
411935,jijzelf,VNW,
413157,jingles,SPEC,
413830,jobs,SPEC,
413986,joden,SPEC,
414879,joeg,SPEC,
414924,joel,SPEC,
415260,jofele,SPEC,
417888,joints,SPEC,
418130,jonas,SPEC,
418321,jonathans,SPEC,
418433,jonge,SPEC,
420782,jubel,SPEC,
421362,juist,ADJ,
421370,juist,BW,
421372,juist,WW,
421445,jukeboxen,SPEC,
421516,juli,SPEC,
422224,jumpers,SPEC,
422502,jungles,SPEC,
422526,juni,SPEC,
422796,junkies,SPEC,
422813,junks,SPEC,
422928,jura,SPEC,
423018,juristen,SPEC,
423190,just,SPEC,
423329,justitiële,SPEC,
423366,juten,SPEC,
423465,juweeltje,SPEC,
424682,kaarttrucs,SPEC,
425414,kades,SPEC,
426183,kalasjnikovs,SPEC,
426211,kale,SPEC,
426386,kali,SPEC,
426715,kalle,SPEC,
426802,kalmeer,SPEC,
426822,kalmer,SPEC,
426874,kalmeringspillen,SPEC,
427268,kameraden,SPEC,
427387,kamers,SPEC,
427781,kampioenen,SPEC,
427815,kampioenschappen,SPEC,
428001,kamt,SPEC,
428686,kannibalen,SPEC,
428957,kansen,SPEC,
429054,kanten,ADJ,
429056,kanten,WW,
429358,kantoren,SPEC,
429491,kapers,SPEC,
430542,karaktertrekken,SPEC,
430852,kardinalen,SPEC,
430940,karen,SPEC,
432218,kastjes,SPEC,
432856,katholieke,SPEC,
433806,kauwgomballen,SPEC,
434224,kazernes,SPEC,
434542,keef,SPEC,
434714,keepers,SPEC,
434900,kegels,SPEC,
435264,keizers,SPEC,
435389,kelders,SPEC,
435882,kemp,SPEC,
436015,kende,SPEC,
436270,kennels,SPEC,
436616,kent,SPEC,
436671,kentekens,SPEC,
437052,kerken,SPEC,
438410,kerstmannen,SPEC,
438469,kerstmissen,SPEC,
438597,kerstsokken,SPEC,
439013,ketst,SPEC,
439237,keukenmessen,SPEC,
439461,keuzes,SPEC,
439508,kevers,SPEC,
440580,kicks,SPEC,
440588,kid,SPEC,
441706,kille,SPEC,
442476,kinderdagverblijven,SPEC,
442500,kinderen,SPEC,
444564,kirt,SPEC,
445093,klaagliederen,SPEC,
445445,klamboes,SPEC,
446067,klassieke,SPEC,
446613,kleedkamers,SPEC,
446631,kleedt,SPEC,
446637,kleef,SPEC,
446953,kleine,SPEC,
447324,kleinste,SPEC,
448144,kleurlingen,SPEC,
448443,klikkers,SPEC,
448455,klikt,SPEC,
448457,klikte,SPEC,
448601,klimt,SPEC,
448794,klinieken,SPEC,
449248,klom,SPEC,
449275,klompje,SPEC,
449466,kloosterlingen,SPEC,
449594,klootzakken,SPEC,
449705,klopt,SPEC,
449728,klopten,SPEC,
451363,kluizen,SPEC,
451370,kluizenaars,SPEC,
451466,klusje,SPEC,
451699,knabbels,SPEC,
451886,knappe,SPEC,
451924,knapperds,SPEC,
451949,knapt,SPEC,
452236,knickerbockers,SPEC,
452395,knieën,SPEC,
453168,knorrend,SPEC,
453854,koeien,SPEC,
454399,koene,SPEC,
454434,koerden,SPEC,
454573,koester,SPEC,
456100,kolonels,SPEC,
456121,kolonialen,SPEC,
456142,kolonies,SPEC,
456188,koloniën,SPEC,
456667,komische,SPEC,
456871,komt,SPEC,
456913,kon,SPEC,
457068,konijnen,SPEC,
457133,konijnenoren,SPEC,
457351,koningen,SPEC,
457430,koninginnen,SPEC,
457620,koninklijke,SPEC,
457679,koninklijken,SPEC,
458714,koorden,SPEC,
458824,koos,SPEC,
459089,kopieer,SPEC,
459416,kopstoten,SPEC,
459429,koptelefoons,SPEC,
459871,korsten,ADJ,
459873,korsten,N,
459956,korte,SPEC,
460102,kortom,BW,
460131,kortste,SPEC,
460143,kortweg,BW,
460569,kostuums,SPEC,
461064,kozakken,SPEC,
461583,krachtens,BW,
461585,krachtens,VZ,
461792,kragen,SPEC,
462035,krankzinnigen,SPEC,
462574,kreeften,SPEC,
462633,kreeg,SPEC,
462724,kreken,SPEC,
462991,kreupele,SPEC,
463205,krijgers,SPEC,
463574,krimpende,SPEC,
463829,kristalliseert,SPEC,
463884,kristen,SPEC,
463908,kristin,SPEC,
463977,kritieke,SPEC,
464224,krokodillen,SPEC,
464369,kromp,SPEC,
464413,kroniekschrijvers,SPEC,
464518,kroonjuwelen,SPEC,
464885,kruiers,SPEC,
464937,kruimeltje,SPEC,
464939,kruimeltjes,SPEC,
464953,kruip,SPEC,
465115,kruisig,SPEC,
465355,kruizen,SPEC,
466021,kuise,SPEC,
466160,kult,SPEC,
466576,kunsten,SPEC,
468070,kutwijven,SPEC,
468271,kwaadaardige,SPEC,
468342,kwaak,SPEC,
468691,kwam,SPEC,
469188,kwelde,SPEC,
471194,laadt,SPEC,
471591,laatste,SPEC,
471959,labs,SPEC,
472163,lachje,SPEC,
472212,lacht,SPEC,
472402,ladders,SPEC,
472859,lafaards,SPEC,
472925,laffe,SPEC,
472992,lag,BW,
473013,lage,SPEC,
473435,lakeien,SPEC,
473644,lallend,SPEC,
473817,lambda,SPEC,
474887,lande,SPEC,
474993,landgenoten,SPEC,
475414,landrover,SPEC,
476039,langs,SPEC,
476041,langs,VZ,
476085,langsheen,VZ,
476151,langst,VZ,
476215,languit,BW,
476260,langzaamaan,BW,
476268,langzame,SPEC,
476274,langzamer,SPEC,
476282,langzamerhand,BW,
476388,lansen,SPEC,
476433,lantaarns,SPEC,
476714,laptops,SPEC,
478678,laude,SPEC,
479145,lauwe,SPEC,
479725,lay-outs,SPEC,
480870,lease,SPEC,
481217,leden,SPEC,
481284,lederen,ADJ,
481286,lederen,N,
481584,leefde,SPEC,
481800,leeghoofden,SPEC,
482435,leesproblemen,SPEC,
482449,leest,SPEC,
482514,leeuwen,SPEC,
482855,lege,SPEC,
482885,legend,SPEC,
482910,legenden,SPEC,
482912,legendes,SPEC,
483333,legers,SPEC,
483557,legionairs,SPEC,
483759,leid,SPEC,
484132,lekkende,SPEC,
484330,lelietjes-van-dalen,SPEC,
484757,leners,SPEC,
484855,leningrad,SPEC,
486335,lesbiennes,SPEC,
486358,lesbische,SPEC,
486957,letters,SPEC,
487210,leukste,SPEC,
487214,leun,SPEC,
487353,level,SPEC,
487363,levels,SPEC,
487491,levenden,SPEC,
487572,levensbedreigend,ADJ,
487574,levensbedreigend,WW,
487805,levenslange,SPEC,
489256,libellen,SPEC,
489301,liberale,SPEC,
490011,lichtgeraakt,ADJ,
490013,lichtgeraakt,WW,
490219,lichts,SPEC,
490256,lichtsignalen,SPEC,
490979,liefdesbrieven,SPEC,
491077,liefdesgedichten,SPEC,
491646,lieg,SPEC,
491752,liesjes,SPEC,
493963,lijsters,SPEC,
494574,limit,SPEC,
494730,limousines,SPEC,
495932,linksboven,BW,
496000,linnen,ADJ,
496002,linnen,N,
496005,linnen,SPEC,
497537,lives,SPEC,
501082,locale,SPEC,
501353,locomotieven,SPEC,
501359,locs,SPEC,
501596,loeven,SPEC,
501872,loges,SPEC,
501971,logos,SPEC,
502106,lokale,SPEC,
502540,lomper,SPEC,
503336,loodgieters,SPEC,
503479,looiers,SPEC,
503772,loopjongen,ADJ,
503774,loopjongen,N,
503779,loopjongens,SPEC,
503826,loopt,SPEC,
504281,lords,SPEC,
504464,lori,SPEC,
504887,losgekoppeld,SPEC,
505147,losser,SPEC,
505191,lost,SPEC,
505388,lotje,SPEC,
506455,low,SPEC,
508635,luchtaanvallen,SPEC,
508721,luchtbellen,SPEC,
509036,luchtkastelen,SPEC,
509598,luchtverfrissers,SPEC,
509671,luchtwegen,SPEC,
509837,lucifers,SPEC,
510536,luidruchtige,SPEC,
511176,luitenants,SPEC,
512396,lustige,SPEC,
512418,lustra,SPEC,
513376,lynch,SPEC,
515441,maagden,SPEC,
515464,maagdeneilanden,SPEC,
515581,maagtabletten,SPEC,
515630,maai,SPEC,
515912,maandagen,SPEC,
516625,maarten,SPEC,
517051,macabere,SPEC,
517490,machina,SPEC,
517560,machinegeweren,SPEC,
517623,machinisten,SPEC,
517769,machtige,SPEC,
518648,maden,SPEC,
518968,maffe,SPEC,
519145,maffiosi,SPEC,
519265,mag,SPEC,
519853,magiërs,SPEC,
520085,magnifieke,SPEC,
520124,magnums,SPEC,
520904,majesteiten,SPEC,
521056,majors,SPEC,
521121,make,SPEC,
521192,makelaars,SPEC,
521560,malaga,SPEC,
521798,malden,SPEC,
522095,mall,SPEC,
522119,malle,SPEC,
522338,malta,SPEC,
523873,mani,SPEC,
524009,manilla,SPEC,
524054,manipuleert,SPEC,
524126,manke,SPEC,
524550,mannenpraat,SPEC,
524697,mannetjes,SPEC,
525074,mantelpakjes,SPEC,
528090,marines,SPEC,
528157,mariniers,SPEC,
528495,marjolein,SPEC,
528966,markeer,SPEC,
528983,marken,SPEC,
529019,market,SPEC,
530360,martel,SPEC,
531388,mary,SPEC,
532531,massagraven,SPEC,
532642,masseer,SPEC,
532791,masten,SPEC,
532838,masters,SPEC,
532935,masturbeer,SPEC,
533015,matadors,SPEC,
533126,maten,SPEC,
533632,mats,SPEC,
533884,matter,SPEC,
534999,maxima,SPEC,
535015,maxime,SPEC,
535141,maxwell,SPEC,
535800,maître,SPEC,
537954,mechanische,SPEC,
538030,medailles,SPEC,
538483,meden,SPEC,
538925,medici,SPEC,
538952,medicijnen,SPEC,
539033,medicijnmannen,SPEC,
539113,medio,BW,
539115,medio,SPEC,
539220,mediterrane,SPEC,
539338,medusa,SPEC,
539532,meedogenloze,SPEC,
539574,meegaand,ADJ,
539578,meegaand,N,
539582,meegaat,SPEC,
540161,meerderen,VNW,
540554,meestal,BW,
540564,meeste,VNW,
541638,meiden,SPEC,
541743,meidenpraat,ADJ,
541745,meidenpraat,SPEC,
541747,meidenpraat,WW,
542125,meisjespraat,ADJ,
542127,meisjespraat,WW,
542281,mekaar,VNW,
542320,mekker,SPEC,
543717,memory,SPEC,
543994,meneertje,SPEC,
544127,menigeen,BW,
544129,menigeen,VNW,
544250,mennonieten,SPEC,
544442,menselijkerwijs,BW,
544678,mensenlief,SPEC,
544752,mensenrechten,ADJ,
544754,mensenrechten,N,
544756,mensenrechten,SPEC,
544945,mensonterend,ADJ,
544948,mensonterend,WW,
545577,merendeels,BW,
545579,merendeels,SPEC,
546213,mesdames,SPEC,
546362,messen,SPEC,
546585,met,BW,
546587,met,SPEC,
546590,met,VZ,
546856,metaforen,SPEC,
546883,metal,SPEC,
547200,meters,SPEC,
547371,methodisten,SPEC,
547731,mets,SPEC,
547794,mettertijd,BW,
547875,meubels,SPEC,
548854,mezelf,SPEC,
548856,mezelf,VNW,
548997,mi,SPEC,
549000,mi,VNW,
550616,microben,SPEC,
550763,microgolven,SPEC,
551185,middellandse,SPEC,
551235,middels,VZ,
551378,middendoor,BW,
551410,middenin,BW,
551650,middle,SPEC,
552111,miertje,SPEC,
552574,mijlen,SPEC,
552771,mijnerzijds,BW,
552899,mijns,VNW,
553741,mila,SPEC,
553749,milaan,SPEC,
553843,milde,SPEC,
554290,militaire,SPEC,
554310,militanten,SPEC,
554322,military,SPEC,
554324,militia,SPEC,
554474,miljoenen,ADJ,
554476,miljoenen,N,
554478,miljoenen,TW,
554557,miljonairs,SPEC,
555269,mimi,SPEC,
555539,minden,SPEC,
555571,mindere,VNW,
556500,minnaars,SPEC,
556640,minor,SPEC,
556707,minst,VNW,
556709,minstens,BW,
556711,minstens,SPEC,
557002,mirakels,SPEC,
557630,misdeeld,ADJ,
557632,misdeeld,WW,
557689,misdrijven,SPEC,
557782,misgun,SPEC,
557817,mishandelde,SPEC,
562389,missing,SPEC,
563135,mixed,SPEC,
564204,mobiele,SPEC,
564788,modellen,SPEC,
565007,moderne,SPEC,
565131,modo,SPEC,
565509,moeders,SPEC,
565656,moedige,SPEC,
565751,moeilijker,SPEC,
565767,moeilijkste,SPEC,
566240,moffen,SPEC,
566354,mogelijkerwijs,BW,
566379,mogelijks,BW,
566556,mohammedanen,SPEC,
566945,moleculen,SPEC,
567092,molière,SPEC,
567096,molk,SPEC,
567357,molt,SPEC,
567458,momenten,SPEC,
568043,mongolen,SPEC,
568255,monk,SPEC,
568362,monocle,ADJ,
568364,monocle,SPEC,
568366,monocle,WW,
568458,monopoly,ADJ,
568460,monopoly,SPEC,
568462,monopoly,WW,
570044,moordenaars,SPEC,
570353,moordwapen,ADJ,
570355,moordwapen,N,
570388,moordzaken,SPEC,
570560,mopperaars,SPEC,
570614,mora,SPEC,
570803,morden,SPEC,
570924,moren,SPEC,
571229,morgenavond,BW,
571231,morgenavond,SPEC,
571266,morgenmiddag,BW,
571495,mormonen,SPEC,
572009,mortis,SPEC,
572050,mortuaria,SPEC,
572444,moslimvrienden,SPEC,
573262,motorrijders,SPEC,
573274,motors,SPEC,
573332,motorvoertuigen,SPEC,
573404,mottenballen,SPEC,
574104,mp,SPEC,
586215,ms,SPEC,
587556,muffins,SPEC,
588142,mulder,SPEC,
588148,mulders,SPEC,
588455,multinationals,SPEC,
588467,multiple,SPEC,
588819,mungo,SPEC,
588999,munsters,SPEC,
589660,music,SPEC,
589716,musicals,SPEC,
589813,musketiers,SPEC,
589823,musketten,SPEC,
589908,mussen,SPEC,
589992,mustangs,SPEC,
590075,mutanten,SPEC,
591610,mysteriën,SPEC,
591675,mystieke,SPEC,
591883,méén,ADJ,
591885,méén,TW,
591887,méén,WW,
592774,naakte,SPEC,
592889,naalden,SPEC,
593159,naargelang,VG,
593196,naarmate,VG,
593213,naartoe,BW,
593215,naartoe,VZ,
593323,nabije,SPEC,
593651,nachtdieren,SPEC,
593684,nachten,SPEC,
593927,nachts,SPEC,
594185,nadat,VG,
594187,nadat,VZ,
594286,naderhand,BW,
594305,nadert,SPEC,
594339,nadien,BW,
595173,nam,SPEC,
595355,namelijk,BW,
595357,namen,SPEC,
595378,namens,VZ,
596036,napoleons,SPEC,
596168,narcissen,SPEC,
596246,narcotica,SPEC,
596883,natale,SPEC,
597324,naties,SPEC,
597460,nationale,SPEC,
597539,nationalisten,SPEC,
597721,nats,SPEC,
597749,natter,SPEC,
597769,natura,BW,
599272,naïeve,SPEC,
599514,neanderthalers,SPEC,
600474,neergeschoten,SPEC,
601068,negenduizend,TW,
601079,negenendertig,TW,
601088,negenennegentig,TW,
601092,negenentachtig,TW,
601094,negenentwintig,TW,
601100,negenenveertig,TW,
601106,negenenzestig,TW,
601117,negenhonderd,TW,
601138,negentien,SPEC,
601140,negentien,TW,
601168,negentigduizend,TW,
602020,nemers,SPEC,
603239,nerds,SPEC,
603570,nestor,SPEC,
603750,netje,SPEC,
603782,netkousen,SPEC,
604237,neurale,SPEC,
604671,neushoorns,SPEC,
604826,neutrale,SPEC,
605006,nevelen,TW,
605170,new,SPEC,
607074,niemand,ADJ,
607076,niemand,VNW,
607079,niemand,WW,
607109,niemands,SPEC,
608317,nietsvermoedend,ADJ,
608321,nietsvermoedend,WW,
608338,niettegenstaande,VG,
608340,niettegenstaande,VZ,
608342,niettemin,BW,
608586,nieuwe,SPEC,
608656,nieuwgeboren,ADJ,
608658,nieuwgeboren,N,
608660,nieuwgeboren,TW,
608974,nieuwste,SPEC,
609299,nihil,SPEC,
609374,nijlpaarden,SPEC,
609583,nikkers,SPEC,
609731,niks,BW,
609733,niks,VNW,
609735,niks,VZ,
610307,nip,SPEC,
610757,njet,SPEC,
611418,noch,BW,
611420,noch,SPEC,
611422,noch,VG,
611437,nochtans,BW,
611793,nogmaals,BW,
611795,nogmaals,SPEC,
612290,nonnen,SPEC,
612557,noodgeneratoren,SPEC,
612573,noodgevallen,SPEC,
612912,noodstations,SPEC,
613058,noodzakelijkerwijs,BW,
613577,noordelijke,SPEC,
613987,noppes,VNW,
614356,normaliter,BW,
614358,normaliter,SPEC,
615065,not,SPEC,
615087,notabelen,SPEC,
615421,nous,SPEC,
615565,november,SPEC,
616270,nudisten,SPEC,
616455,nullen,SPEC,
616618,nummerborden,SPEC,
616660,nummers,SPEC,
618844,obers,SPEC,
619067,obscene,SPEC,
619082,obscure,SPEC,
619394,occasions,SPEC,
619434,occulte,SPEC,
619571,oceanen,SPEC,
619591,oceanische,SPEC,
620282,oden,SPEC,
621136,oesters,SPEC,
621184,oetlullen,SPEC,
621687,officiële,SPEC,
621850,ofschoon,VG,
621872,oftewel,BW,
621874,oftewel,SPEC,
621876,oftewel,VG,
621923,ofwel,SPEC,
621925,ofwel,VG,
623008,oktober,SPEC,
624804,olmen,SPEC,
624967,olympische,SPEC,
625676,omgekeerd,ADJ,
625680,omgekeerd,WW,
625688,omgekomen,BW,
625690,omgekomen,SPEC,
625860,omhoog,BW,
625862,omhoog,SPEC,
625864,omhoog,VZ,
626160,omlaag,BW,
626162,omlaag,SPEC,
626164,omlaag,VZ,
626744,omstreeks,VZ,
626783,omtrent,VZ,
626819,omvat,SPEC,
626834,omver,BW,
626944,omwille,BW,
626999,omzeil,SPEC,
627213,onaangedaan,ADJ,
627216,onaangedaan,WW,
627266,onaangetast,ADJ,
627269,onaangetast,WW,
627396,onafhankelijke,SPEC,
627398,onafhankelijken,SPEC,
627576,onbedorven,ADJ,
627579,onbedorven,WW,
627585,onbeduidend,ADJ,
627591,onbeduidend,SPEC,
627593,onbeduidend,WW,
627671,onbeheerd,ADJ,
627674,onbeheerd,WW,
627690,onbeholpen,ADJ,
627693,onbeholpen,N,
627703,onbehouwen,ADJ,
627705,onbehouwen,N,
627892,onbeperkt,ADJ,
627896,onbeperkt,SPEC,
627898,onbeperkt,WW,
627962,onbeschadigd,ADJ,
627965,onbeschadigd,BW,
627967,onbeschadigd,WW,
628131,onbetaald,ADJ,
628135,onbetaald,WW,
628174,onbetrouwbare,SPEC,
628216,onbevestigd,ADJ,
628220,onbevestigd,WW,
628250,onbevoegden,SPEC,
628256,onbevooroordeeld,ADJ,
628259,onbevooroordeeld,WW,
628288,onbevreesde,SPEC,
628329,onbewerkt,ADJ,
628331,onbewerkt,WW,
628646,ondankbare,SPEC,
628648,ondanks,VZ,
628790,onderaan,BW,
628792,onderaan,SPEC,
628809,onderaf,BW,
629118,onderdoor,BW,
629215,onderga,SPEC,
629234,ondergaat,SPEC,
629246,ondergedoken,SPEC,
629279,ondergewaardeerd,ADJ,
629281,ondergewaardeerd,WW,
629357,onderhand,ADJ,
629359,onderhand,BW,
629361,onderhand,WW,
629461,onderhandse,SPEC,
629668,onderin,BW,
629670,onderin,SPEC,
629796,onderlangs,BW,
630301,ondersteun,SPEC,
630384,onderteken,SPEC,
630436,ondertiteld,SPEC,
630462,onderuit,BW,
630607,ondervroeg,SPEC,
630836,onderwijl,BW,
631553,ondode,SPEC,
632028,ongaarne,BW,
632052,ongeautoriseerd,ADJ,
632055,ongeautoriseerd,WW,
632115,ongecensureerd,ADJ,
632117,ongecensureerd,WW,
632133,ongecompliceerde,SPEC,
632148,ongecoördineerd,ADJ,
632150,ongecoördineerd,WW,
632259,ongedwongen,ADJ,
632263,ongedwongen,N,
632295,ongehinderd,ADJ,
632297,ongehinderd,WW,
632449,ongelimiteerd,ADJ,
632453,ongelimiteerd,WW,
632608,ongelukken,SPEC,
632705,ongemerkt,ADJ,
632708,ongemerkt,WW,
632722,ongemotiveerd,ADJ,
632725,ongemotiveerd,WW,
632763,ongenodigd,ADJ,
632765,ongenodigd,WW,
632787,ongeoefend,ADJ,
632789,ongeoefend,WW,
632860,ongerechtvaardigd,ADJ,
632863,ongerechtvaardigd,WW,
632951,ongeschonden,ADJ,
632954,ongeschonden,WW,
633006,ongesteld,ADJ,
633008,ongesteld,WW,
633036,ongetekend,ADJ,
633039,ongetekend,WW,
633120,ongeveer,BW,
633267,ongezien,ADJ,
633271,ongezien,WW,
633283,ongezouten,ADJ,
633285,ongezouten,N,
633307,ongeëvenaarde,SPEC,
633315,ongeïdentificeerde,SPEC,
633983,onnadenkend,ADJ,
633987,onnadenkend,WW,
634054,onnozele,SPEC,
634210,onopgemaakt,ADJ,
634213,onopgemaakt,WW,
634215,onopgemerkt,ADJ,
634218,onopgemerkt,WW,
634644,onrustbarend,ADJ,
634646,onrustbarend,WW,
634728,onsamenhangend,ADJ,
634731,onsamenhangend,WW,
635295,ontbind,SPEC,
635538,ontdoe,SPEC,
635642,ontembare,SPEC,
636044,onthul,SPEC,
636046,onthuld,SPEC,
636463,ontmanteld,SPEC,
636489,ontmasker,SPEC,
636548,ontmoet,SPEC,
636801,ontploft,SPEC,
637216,ontsnap,SPEC,
637421,ontspan,SPEC,
638028,ontvoerd,SPEC,
638074,ontvoeringen,SPEC,
638141,ontwaak,SPEC,
638153,ontwaakt,SPEC,
638377,ontwijkend,ADJ,
638379,ontwijkend,WW,
638570,ontzeg,SPEC,
638629,ontzie,SPEC,
638844,onverdeeld,ADJ,
638847,onverdeeld,WW,
638972,onverklaard,ADJ,
638975,onverklaard,WW,
638985,onverkoopbare,SPEC,
639039,onvermoeibare,SPEC,
639158,onverteerd,ADJ,
639160,onverteerd,WW,
639175,onvervaard,ADJ,
639178,onvervaard,WW,
639208,onvervuld,ADJ,
639210,onvervuld,WW,
639354,onvolmaakt,ADJ,
639358,onvolmaakt,WW,
639587,onwelriekend,ADJ,
639590,onwelriekend,WW,
639836,onzen,VNW,
639842,onzes,SPEC,
640205,oogkassen,SPEC,
640502,ooievaars,SPEC,
640721,ooms,SPEC,
640915,oordeelt,SPEC,
641025,oorlogen,SPEC,
641390,oorlogsmisdaden,SPEC,
641550,oorlogsspelletjes,SPEC,
642480,op-en-top,BW,
643099,opdat,VG,
643419,opeen,BW,
643423,opeengepakt,ADJ,
643425,opeengepakt,WW,
643444,opeens,BW,
643622,openbaart,SPEC,
643626,openbare,SPEC,
643663,openbaringen,SPEC,
643707,opende,SPEC,
643796,opengereten,SPEC,
644516,operaties,SPEC,
644804,opgeblazen,ADJ,
644807,opgeblazen,N,
644820,opgedirkt,SPEC,
644858,opgegroeid,SPEC,
644896,opgejaagd,SPEC,
644916,opgelet,SPEC,
644925,opgelicht,SPEC,
644944,opgenomen,SPEC,
644964,opgepast,SPEC,
644980,opgerot,SPEC,
644994,opgesloten,ADJ,
644996,opgesloten,N,
645048,opgevoed,SPEC,
645242,ophanden,BW,
645454,ophoudt,SPEC,
645519,opinion,SPEC,
646208,oplichtten,SPEC,
646494,opnames,SPEC,
646666,opossums,SPEC,
646929,opperste,SPEC,
647130,opportunisten,SPEC,
648093,opsporingen,SPEC,
649501,opzij,BW,
649503,opzij,SPEC,
649639,or,SPEC,
650056,orden,SPEC,
650107,orders,SPEC,
650216,oren,SPEC,
650305,orgaandonoren,SPEC,
650373,organisaties,SPEC,
650400,organiseer,SPEC,
652590,oudbakken,ADJ,
652592,oudbakken,N,
652912,oudere,SPEC,
653057,oudheden,SPEC,
653112,ouds,SPEC,
653114,oudsher,BW,
653118,oudsten,ADJ,
653120,oudsten,N,
653324,outlaws,SPEC,
653376,ouwe,SPEC,
653501,ovale,SPEC,
653512,ovaria,SPEC,
653781,overbelast,ADJ,
653783,overbelast,WW,
653914,overboord,BW,
654010,overdag,BW,
654263,overeind,BW,
654369,overgebracht,SPEC,
654393,overgenomen,SPEC,
654397,overgeplaatst,SPEC,
654673,overheids,SPEC,
654748,overheidsgebouwen,SPEC,
654931,overhoop,BW,
654988,overigens,BW,
655119,overkwam,SPEC,
655229,overleefde,SPEC,
655296,overlevenden,SPEC,
655628,overmorgen,BW,
655630,overmorgen,VZ,
655890,overschat,SPEC,
656198,oversten,SPEC,
656342,overtreders,SPEC,
656353,overtreed,SPEC,
656390,overtuigd,ADJ,
656393,overtuigd,WW,
656539,oververmoeid,ADJ,
656541,oververmoeid,WW,
656870,overwon,SPEC,
658859,paarlen,ADJ,
658861,paarlen,N,
658926,paart,SPEC,
658979,paaseieren,SPEC,
658985,paaseiland,SPEC,
659182,pacemakers,SPEC,
659588,paddenstoelen,SPEC,
659817,padvinders,SPEC,
659970,pages,SPEC,
660403,pakistanen,SPEC,
660500,pakketten,SPEC,
660542,pakt,SPEC,
660558,pakweg,BW,
660902,paletten,SPEC,
661472,pampers,SPEC,
661599,panama,SPEC,
662232,panters,SPEC,
662301,pantry,SPEC,
662747,papers,SPEC,
663085,pappies,SPEC,
663732,paranormale,SPEC,
663974,pardoes,BW,
664306,paringsrituelen,SPEC,
664967,parlementsgebouwen,SPEC,
665647,partizanen,SPEC,
665712,partners,SPEC,
665924,pascal,SPEC,
666224,passages,SPEC,
666372,passeert,SPEC,
666692,pastels,SPEC,
666775,pastoors,SPEC,
667027,patches,SPEC,
667226,paters,SPEC,
667260,pathologen,SPEC,
667943,patronen,SPEC,
668327,pauken,SPEC,
669212,pausen,SPEC,
669217,pausgezinde,SPEC,
670955,pelgrims,SPEC,
671155,pelsen,ADJ,
671157,pelsen,N,
671173,pelt,SPEC,
672060,pensioentje,SPEC,
672479,pepers,SPEC,
673609,perrons,SPEC,
673731,perse,BW,
673912,personages,SPEC,
673916,personal,SPEC,
674085,personen,SPEC,
674196,persoonlijkheden,SPEC,
674545,perzen,SPEC,
675785,peters,SPEC,
675873,petit,SPEC,
676121,petten,SPEC,
676226,peuken,SPEC,
678305,pico,SPEC,
678365,picture,SPEC,
678656,piepers,SPEC,
678658,piepertje,SPEC,
679015,pieten,SPEC,
679515,pijnstillers,SPEC,
679531,pijnvolle,SPEC,
679613,pijpenstelen,SPEC,
680321,pin-ups,SPEC,
681465,piramiden,SPEC,
681983,pistolen,SPEC,
682010,pistons,SPEC,
682148,pitbulls,SPEC,
682373,pixels,SPEC,
683053,places,SPEC,
683422,planes,SPEC,
683784,planters,SPEC,
684136,plastics,SPEC,
684584,platte,SPEC,
684596,plattegronden,SPEC,
684845,play-offs,SPEC,
684954,playboys,SPEC,
685039,playstations,SPEC,
685080,plaît,SPEC,
685233,pleeggezinnen,SPEC,
685324,pleidooien,SPEC,
685461,plenty,SPEC,
686038,plonsen,SPEC,
686274,pluisje,SPEC,
686497,plusminus,BW,
686798,pockets,SPEC,
686951,poedelnaakt,ADJ,
686954,poedelnaakt,WW,
687353,poesjes,SPEC,
687488,poezen,SPEC,
688098,polakken,SPEC,
688222,polen,SPEC,
689028,politieke,SPEC,
689167,politieofficieren,SPEC,
689472,politiezaken,SPEC,
689520,polk,SPEC,
690545,ponden,SPEC,
690891,pooiers,SPEC,
690992,poolgebieden,SPEC,
691165,poorten,SPEC,
691368,pope,SPEC,
691435,popje,SPEC,
693671,postzegels,SPEC,
693892,potloden,SPEC,
694013,pottenbakken,SPEC,
694067,potters,SPEC,
694678,praalwagens,SPEC,
694994,prachtige,SPEC,
695210,practical,SPEC,
695374,prairies,SPEC,
695976,predik,SPEC,
696268,premiers,SPEC,
696554,presenteert,SPEC,
696669,presidenten,SPEC,
696692,presidentiële,SPEC,
697036,pretoria,SPEC,
697203,preview,SPEC,
697205,previews,SPEC,
697348,priemend,SPEC,
697941,primitieve,SPEC,
698278,prinsen,SPEC,
698447,printers,SPEC,
698486,priori,SPEC,
699649,prix,SPEC,
699971,probeer,SPEC,
700100,probleemgebieden,SPEC,
700143,probleempje,SPEC,
700191,problemen,SPEC,
700653,producties,SPEC,
700886,proefpersonen,SPEC,
701419,profs,SPEC,
701587,programmeurs,SPEC,
702166,prooien,SPEC,
702301,propere,SPEC,
702349,propos,SPEC,
702653,protestanten,SPEC,
703439,pruimpje,SPEC,
703627,présence,SPEC,
704546,pubert,SPEC,
704570,public,SPEC,
705182,puisten,SPEC,
705239,pukkels,SPEC,
705562,pumps,SPEC,
706131,puriteinen,SPEC,
706256,push,SPEC,
706268,push-ups,SPEC,
706739,pygmeeën,SPEC,
707450,quakers,SPEC,
707783,quasimodo,SPEC,
708186,qui,SPEC,
709350,raadsleden,SPEC,
709558,raas,SPEC,
709578,raast,SPEC,
709607,rabat,SPEC,
709950,races,SPEC,
710200,rachels,SPEC,
710311,rackets,SPEC,
710593,rader,SPEC,
710689,radicalen,SPEC,
711616,rafters,SPEC,
711874,raiders,SPEC,
713099,rampen,SPEC,
713397,rancho,SPEC,
713570,randfiguren,SPEC,
714033,ranselde,SPEC,
714442,rapporteer,SPEC,
714444,rapporteert,SPEC,
714511,rapunzel,SPEC,
714621,rasa,SPEC,
714817,raspoetin,SPEC,
714835,rassen,SPEC,
715238,rationalisten,SPEC,
715623,rave,SPEC,
715642,raven,SPEC,
716523,razende,SPEC,
716797,reactionairen,SPEC,
716901,reading,SPEC,
716903,ready,SPEC,
717120,reality,SPEC,
717695,recepten,SPEC,
717940,rechtaan,BW,
718000,rechtdoor,BW,
718059,rechtens,BW,
718503,rechtop,BW,
718521,rechtover,BW,
718558,rechtsaf,BW,
718592,rechtsboven,BW,
718712,rechtsonder,BW,
718840,rechtszaken,SPEC,
718851,rechttoe,BW,
718862,rechtuit,BW,
718881,rechtvaardige,SPEC,
719133,reclamespotje,SPEC,
719392,records,SPEC,
720236,reddingwerkers,SPEC,
720278,redelijkerwijs,BW,
720636,reed,SPEC,
720672,reeds,BW,
720685,reef,SPEC,
720916,reflecteert,SPEC,
721132,regelaars,SPEC,
721234,regels,SPEC,
721252,regeltjes,SPEC,
721676,regeringsgebouwen,SPEC,
721819,regeringstroepen,ADJ,
721821,regeringstroepen,N,
722128,regisseurs,SPEC,
722303,regulators,SPEC,
722555,reikte,SPEC,
722640,reiner,SPEC,
722718,reinigingsmiddelen,SPEC,
723341,rekruten,SPEC,
723567,relations,SPEC,
723837,relletjes,SPEC,
725403,republikeinen,SPEC,
725424,republikeinse,SPEC,
725594,reseda,SPEC,
725880,reserves,SPEC,
726060,resolute,SPEC,
726270,restanten,SPEC,
727029,reuters,SPEC,
727674,revolverhelden,SPEC,
728416,ribbetjes,SPEC,
729950,ridders,SPEC,
730008,riders,SPEC,
730078,ridicule,SPEC,
730278,riffen,SPEC,
730436,rigor,SPEC,
730560,rijdt,SPEC,
730662,rijkdommen,SPEC,
730779,rijks,SPEC,
730849,rijksmuseum,SPEC,
730983,rijpe,SPEC,
731232,rijzende,SPEC,
731578,ringen,ADJ,
731580,ringen,SPEC,
731582,ringen,WW,
731795,rio,SPEC,
732063,rippers,SPEC,
732255,risk,SPEC,
732478,ritje,SPEC,
732920,rivieren,SPEC,
733671,robbeneiland,SPEC,
734732,robijnen,SPEC,
735020,robotica,SPEC,
735062,robots,SPEC,
735438,rockbands,SPEC,
735514,rockers,SPEC,
736219,roden,ADJ,
736221,roden,SPEC,
736223,roden,WW,
736545,roeide,SPEC,
736614,roekeloze,SPEC,
736731,roepend,SPEC,
737788,rollende,SPEC,
737832,rollers,SPEC,
737855,rolling,SPEC,
738012,rolstoelen,SPEC,
738238,romans,SPEC,
738376,romeinse,SPEC,
738562,rommeltje,SPEC,
739407,rondom,BW,
739409,rondom,VZ,
739702,ronduit,BW,
740257,roodgloeiend,ADJ,
740261,roodgloeiend,WW,
740773,roomijsje,SPEC,
742397,rotdingen,SPEC,
743273,rotsen,SPEC,
743504,rotte,SPEC,
743614,rottweilers,SPEC,
744336,roux,SPEC,
744415,rovers,SPEC,
744951,royale,SPEC,
745122,rozen,SPEC,
746343,ruggen,SPEC,
747529,ruiters,SPEC,
747629,rukkers,SPEC,
747780,rumble,SPEC,
748016,runen,SPEC,
748537,russells,SPEC,
748549,russen,SPEC,
748714,ruste,SPEC,
749118,ruwweg,BW,
749240,ruïnes,SPEC,
750544,sa,SPEC,
753191,salut,SPEC,
754049,samaritanen,SPEC,
754124,samen,BW,
754126,samen,SPEC,
756278,sanitaire,SPEC,
756820,sapiens,SPEC,
758197,satellieten,SPEC,
758978,saxen,SPEC,
759208,scalpels,SPEC,
759398,scanners,SPEC,
761094,schatje,SPEC,
761106,schatjes,SPEC,
761481,scheepsbouwers,SPEC,
761791,scheermesjes,SPEC,
762167,schelde,SPEC,
762203,scheldt,SPEC,
762212,scheldwoorden,SPEC,
762214,schele,SPEC,
762533,scheppers,SPEC,
762930,scheurend,SPEC,
763623,schikgodinnen,SPEC,
763948,schiller,SPEC,
764146,schippers,SPEC,
764701,schoenen,SPEC,
765077,schold,SPEC,
765195,schone,SPEC,
765664,schooljongens,SPEC,
766494,schoonmakers,SPEC,
766646,schoorvoetend,ADJ,
766648,schoorvoetend,WW,
766918,schoten,SPEC,
766962,schotse,SPEC,
766970,schotten,SPEC,
767385,schreeuwt,SPEC,
767547,schrijft,SPEC,
767645,schrijvers,SPEC,
767779,schrikwekkend,ADJ,
767782,schrikwekkend,WW,
768065,schudde,SPEC,
768741,schutters,SPEC,
769233,sclerose,SPEC,
769378,scoops,SPEC,
769966,scratch,SPEC,
770238,scrubs,SPEC,
770502,se,SPEC,
771285,seconden,SPEC,
771626,sedert,VZ,
771827,seffens,BW,
772654,seksshops,SPEC,
772901,selecteer,SPEC,
773033,selfmade,SPEC,
773596,senators,SPEC,
773703,senioren,SPEC,
774348,sera,SPEC,
774582,sergeanten,SPEC,
774773,series,SPEC,
775111,servetten,SPEC,
775970,señora,SPEC,
777220,sharia,SPEC,
778745,sheriffs,SPEC,
779069,shiatsu,SPEC,
779930,shocks,SPEC,
780084,shooters,SPEC,
780303,shots,SPEC,
780951,shutters,SPEC,
781085,siamezen,SPEC,
781170,sic,SPEC,
781399,sidekicks,SPEC,
782483,sikhs,SPEC,
783490,simpelweg,BW,
783492,simpelweg,SPEC,
783847,sindsdien,BW,
785043,sirenes,SPEC,
785126,sis,SPEC,
785237,sisters,SPEC,
785786,sjeiks,SPEC,
786490,skin,SPEC,
786516,skinheads,SPEC,
787195,slaags,BW,
787911,slachtoffers,SPEC,
788275,slagtanden,SPEC,
788455,slangen,SPEC,
788904,slash,SPEC,
789333,slechte,SPEC,
789374,slechteriken,SPEC,
789902,sleutels,SPEC,
790096,slijmballen,SPEC,
790417,slims,SPEC,
790488,slink,SPEC,
790604,slips,SPEC,
790640,slis,SPEC,
790934,slogans,SPEC,
791515,sluipend,SPEC,
791830,sluwe,SPEC,
792161,smalle,SPEC,
792235,smarten,SPEC,
792666,smerissen,SPEC,
792712,smeulend,SPEC,
793025,smoesje,SPEC,
793861,sneed,SPEC,
794144,sneeuwschuivers,SPEC,
794445,sneller,SPEC,
794494,snelst,BW,
794496,snelst,SPEC,
794565,snelwegen,SPEC,
794594,snelwerkend,ADJ,
794596,snelwerkend,WW,
794684,sneuvelde,SPEC,
794966,snode,SPEC,
795385,snorharen,SPEC,
795407,snorkels,SPEC,
795735,snuffel,SPEC,
796011,soaps,SPEC,
796153,sociale,SPEC,
796187,socialisten,SPEC,
796197,socialistische,SPEC,
796221,society,SPEC,
797031,soit,SPEC,
797628,soleil,SPEC,
797750,solitaire,SPEC,
798198,sommige,VNW,
798566,sonnetten,SPEC,
799414,sou,SPEC,
799581,sounds,SPEC,
800193,sovjets,SPEC,
800843,spanjolen,SPEC,
800932,spannends,SPEC,
801146,spartaan,SPEC,
801152,spartaanse,SPEC,
801172,spartanen,SPEC,
801390,speakers,SPEC,
801440,specerijen,SPEC,
801485,speciaals,SPEC,
801559,speciale,SPEC,
801658,specimens,SPEC,
801726,spectra,SPEC,
802020,speel,SPEC,
803166,spencers,SPEC,
803778,spiek,SPEC,
803844,spiercellen,SPEC,
804079,spijkers,SPEC,
804887,spirituele,SPEC,
804950,spitsbergen,SPEC,
805222,splinters,SPEC,
805393,spoedgevallen,SPEC,
805698,sponsors,SPEC,
805937,spookverhalen,SPEC,
806383,sportartikelen,SPEC,
806635,sportkleren,SPEC,
806996,spots,SPEC,
807453,sprekend,ADJ,
807455,sprekend,WW,
807639,springers,SPEC,
807692,springlevend,ADJ,
807695,springlevend,WW,
807886,sprints,SPEC,
808107,sprookjesfiguren,SPEC,
808292,spuitbussen,SPEC,
808523,spuw,SPEC,
808676,squares,SPEC,
809978,sta,SPEC,
810058,staalfabrieken,SPEC,
810236,staartloze,SPEC,
810351,staats,SPEC,
810353,staats,TW,
810522,staatsgeheimen,SPEC,
810705,staatsopera,SPEC,
811129,stadia,SPEC,
811516,stadsmuren,SPEC,
811865,stafylokokken,ADJ,
811867,stafylokokken,N,
812346,stambomen,SPEC,
812498,stampertje,SPEC,
813102,stands,SPEC,
813406,stans,SPEC,
814079,stars,SPEC,
814455,staten,SPEC,
814686,statistieken,SPEC,
814961,steaks,SPEC,
815103,steeds,BW,
815105,steeds,SPEC,
815285,steels,ADJ,
815288,steels,WW,
815326,steenarenden,SPEC,
815339,steenbokken,SPEC,
815462,steenpuisten,SPEC,
816111,stelten,SPEC,
816323,stemmetje,SPEC,
816498,stenen,ADJ,
816501,stenen,WW,
816588,stens,SPEC,
816915,steps,SPEC,
817133,sterfgevallen,SPEC,
817167,sterft,SPEC,
817298,sterkste,SPEC,
817324,sterling,SPEC,
817388,sterns,SPEC,
817842,stervenden,SPEC,
818577,stevens,SPEC,
818833,stichters,SPEC,
818907,sticks,SPEC,
819035,stiekemerds,SPEC,
819126,stierenvechten,ADJ,
819128,stierenvechten,N,
819351,stijg,SPEC,
819571,stilaan,BW,
819687,stiller,SPEC,
819961,stink,SPEC,
820034,stinkdieren,SPEC,
820599,stoelriemen,SPEC,
821334,stomme,SPEC,
821470,stomvervelend,ADJ,
821472,stomvervelend,WW,
821475,stomweg,BW,
822080,stoppels,SPEC,
822127,stoppers,SPEC,
822364,stormenderhand,BW,
822686,stoute,SPEC,
823731,strafzaken,SPEC,
823745,straight,SPEC,
823796,strakjes,BW,
823806,straks,BW,
824350,stratego,SPEC,
824527,streak,SPEC,
824785,strekte,SPEC,
825402,strikes,SPEC,
827502,studiebollen,SPEC,
827636,studies,SPEC,
828011,stukadoors,SPEC,
828251,stuntelende,SPEC,
829760,sufferds,SPEC,
830310,suis,SPEC,
830312,suisse,SPEC,
830451,sukkels,SPEC,
830653,sultans,SPEC,
832001,superhelden,SPEC,
833425,surveilleert,SPEC,
835544,sympathieke,SPEC,
835769,syndromen,SPEC,
837321,taarten,SPEC,
837681,tabula,SPEC,
837752,tachtigduizend,TW,
838281,taferelen,SPEC,
838962,tale,SPEC,
839023,talenten,SPEC,
839108,taliban,SPEC,
839166,talk,SPEC,
839206,talkshows,SPEC,
839591,tamme,SPEC,
840732,tantes,SPEC,
841453,tarotkaarten,SPEC,
841536,tart,SPEC,
841870,taste,SPEC,
842014,tatoeages,SPEC,
842719,tbs,SPEC,
842892,tea,SPEC,
843153,teams,SPEC,
843402,technische,SPEC,
844307,tegenaan,BW,
844309,tegenaan,VZ,
844447,tegenin,BW,
844491,tegenmaatregelen,SPEC,
844513,tegenop,BW,
844531,tegenover,BW,
844533,tegenover,VZ,
845196,tekens,SPEC,
846217,teleprompter,SPEC,
846285,teleur,BW,
846594,telkens,BW,
846642,tellers,SPEC,
846702,teloor,BW,
846758,temeer,BW,
846882,tempelhof,SPEC,
846896,tempeliers,SPEC,
846924,tempelridders,SPEC,
846932,tempels,SPEC,
847103,temporele,SPEC,
847126,tempura,SPEC,
847170,ten,SPEC,
847172,ten,VNW,
847174,ten,VZ,
847382,teneinde,VG,
847494,tenminste,BW,
847616,tennislessen,SPEC,
847648,tennisschoen,ADJ,
847650,tennisschoen,N,
847742,tenoren,SPEC,
848188,terdege,BW,
848421,terg,SPEC,
848750,terminis,SPEC,
848756,terminus,SPEC,
848778,terneer,BW,
848780,terneergeslagen,ADJ,
848783,terneergeslagen,N,
848831,terra,SPEC,
849222,territoria,SPEC,
849321,terroristen,SPEC,
849623,terstond,BW,
849956,teruggegaan,SPEC,
850759,terugvond,SPEC,
850919,terwijl,VG,
851010,tesla,SPEC,
851602,tetten,SPEC,
851639,teugels,SPEC,
851690,teven,SPEC,
851698,tevens,BW,
851700,tevens,SPEC,
851739,tevoren,BW,
851782,teweeg,BW,
851828,tex-mex,SPEC,
852076,tezelfdertijd,BW,
852128,tgv,SPEC,
852422,thans,BW,
853712,theekopje,SPEC,
854173,theoretische,SPEC,
854700,thinking,SPEC,
854814,thomas,SPEC,
856810,tiende,TW,
857187,tieten,SPEC,
857602,tijden,SPEC,
858263,tijgers,SPEC,
858482,tilbury,SPEC,
858980,timmer,SPEC,
860004,titans,SPEC,
861502,toegepaste,SPEC,
861524,toegetakeld,SPEC,
862036,toentertijd,BW,
863041,tofste,SPEC,
863509,tolhuis,BW,
863511,tolhuis,SPEC,
864425,tomahawks,SPEC,
864502,tomaten,SPEC,
864584,tombes,SPEC,
865320,toneelstukken,SPEC,
867102,tops,SPEC,
867421,torens,SPEC,
867859,torsten,SPEC,
868076,tot,BW,
868078,tot,SPEC,
868081,tot,VZ,
868172,total,SPEC,
868592,tours,SPEC,
868610,tout,SPEC,
868804,tover,SPEC,
869058,toverschool,SPEC,
869875,traden,SPEC,
870054,train,SPEC,
870503,tramps,SPEC,
870985,transkei,SPEC,
871701,trash,SPEC,
872276,treed,SPEC,
872303,trees,SPEC,
872351,treffers,SPEC,
872772,trekkies,SPEC,
872833,trekvogels,SPEC,
872953,trends,SPEC,
873086,treur,SPEC,
873389,triades,SPEC,
873399,trial,SPEC,
873776,trieste,SPEC,
873883,trilde,SPEC,
874187,triomfeert,SPEC,
874370,trippel,SPEC,
874380,trippelend,SPEC,
874989,trollen,SPEC,
875063,trombones,SPEC,
875700,trouwens,BW,
875730,trouwerijen,SPEC,
876036,truckers,SPEC,
876091,trucs,SPEC,
876992,tubes,SPEC,
877973,tuner,SPEC,
878111,tunnels,SPEC,
878465,turk,SPEC,
878497,turkey,SPEC,
878569,turn,SPEC,
878631,turners,SPEC,
878818,tussendoor,BW,
878843,tussenin,BW,
879639,tv-spots,SPEC,
879648,tv-stations,SPEC,
879847,twaalfde,SPEC,
879849,twaalfde,TW,
879868,twaalfhonderd,SPEC,
879870,twaalfhonderd,TW,
880480,tweeduizend,SPEC,
880482,tweeduizend,TW,
880541,tweehonderdduizend,TW,
880663,tweelingen,SPEC,
880720,tweelingzussen,SPEC,
880728,tweemaal,BW,
880730,tweemaal,SPEC,
880953,tweeën,BW,
880955,tweeën,SPEC,
880957,tweeën,TW,
880967,tweeëndertig,TW,
880990,tweeënnegentig,TW,
880994,tweeëntwintig,TW,
881001,tweeënveertig,TW,
881005,tweeënvijftig,TW,
881008,tweeënzestig,TW,
881010,tweeënzeventig,TW,
881110,twijfelachtige,SPEC,
881349,twintigduizend,TW,
883593,uilen,SPEC,
884356,uiteen,BW,
884506,uitermate,BW,
884741,uitgegaan,SPEC,
884769,uitgekookt,ADJ,
884774,uitgekookt,WW,
884776,uitgekozen,SPEC,
884781,uitgelaten,ADJ,
884783,uitgelaten,N,
884800,uitgelezen,ADJ,
884802,uitgelezen,N,
884804,uitgelezen,SPEC,
884904,uitgestotenen,SPEC,
884990,uitgewist,SPEC,
884996,uitgezogen,SPEC,
884998,uitgezonderd,SPEC,
887472,uitverkorenen,SPEC,
887506,uitvinders,SPEC,
887606,uitvoerend,SPEC,
887608,uitvoerend,TW,
888492,ulster,SPEC,
888584,ultieme,SPEC,
888776,ultraviolette,SPEC,
889545,uniforme,SPEC,
889655,unionisten,SPEC,
889798,units,SPEC,
889857,universele,SPEC,
889877,universitaire,SPEC,
890500,ups,SPEC,
890788,urinetests,SPEC,
891702,uwen,VNW,
891706,uwer,SPEC,
893178,vaginale,SPEC,
893862,vale,SPEC,
894688,valt,SPEC,
894890,vampieren,SPEC,
894989,vampiers,SPEC,
896879,vanachter,BW,
896889,vanaf,BW,
896891,vanaf,VZ,
896966,vanbinnen,BW,
896970,vanboven,BW,
896974,vanbuiten,BW,
897042,vandaan,ADJ,
897044,vandaan,BW,
897046,vandaan,VZ,
897048,vandaan,WW,
897065,vandaar,BW,
897547,vanmiddag,BW,
897611,vanochtend,BW,
897616,vanonder,BW,
897626,vanouds,BW,
897670,vanuit,BW,
897672,vanuit,VZ,
897691,vanwaar,BW,
897708,vanzelf,BW,
897833,varend,SPEC,
897995,varkens,SPEC,
899481,vecht,SPEC,
899585,vechtjassen,SPEC,
899672,vechtsporten,SPEC,
899865,veeboeren,SPEC,
900059,veelal,BW,
900090,veeleer,BW,
900349,veert,SPEC,
900353,veertien,TW,
900366,veertiende,SPEC,
900370,veertienduizend,TW,
900394,veertigduizend,TW,
900570,vegetariërs,SPEC,
900723,veiliggesteld,SPEC,
900882,veiligheidscontroles,SPEC,
900913,veiligheidsdiensten,SPEC,
900970,veiligheidshalve,BW,
901541,velden,SPEC,
901763,vele,VNW,
902712,veraf,BW,
902714,verafgelegen,ADJ,
902716,verafgelegen,N,
903075,verban,SPEC,
903209,verbazingwekkende,SPEC,
903373,verbied,SPEC,
903424,verbijstert,SPEC,
903432,verbind,SPEC,
903583,verbleef,SPEC,
903782,verbolgen,ADJ,
903785,verbolgen,N,
903821,verborg,SPEC,
903867,verbrand,SPEC,
904219,verdampers,SPEC,
904231,verdampt,SPEC,
904421,verdeeld,ADJ,
904423,verdeeld,SPEC,
904425,verdeeld,WW,
904832,verdoe,SPEC,
904846,verdoemde,SPEC,
905132,verdovingsmiddelen,SPEC,
905349,verdrink,SPEC,
905375,verdrinkende,SPEC,
905403,verdronk,SPEC,
905523,verdun,SPEC,
905609,verdwijn,SPEC,
905666,verdwijningen,SPEC,
905684,verdwijnt,SPEC,
905868,verenigde,SPEC,
905904,verenigden,SPEC,
906114,verfijnde,ADJ,
906116,verfijnde,WW,
906314,verg,SPEC,
906343,vergaat,SPEC,
906454,vergat,SPEC,
906478,vergeefse,SPEC,
906482,vergeet,SPEC,
906774,vergevingsgezinde,SPEC,
906796,vergezelde,SPEC,
906881,vergiftigde,SPEC,
907048,vergrendeld,SPEC,
907109,vergroot,SPEC,
907339,verhandelde,SPEC,
907559,verhit,ADJ,
907563,verhit,WW,
907803,verhuizingen,SPEC,
908668,verkenners,SPEC,
908967,verkikkerd,ADJ,
908969,verkikkerd,WW,
909059,verkleed,SPEC,
909091,verklein,SPEC,
909222,verkloot,SPEC,
909335,verkocht,SPEC,
909682,verkort,ADJ,
909684,verkort,SPEC,
909686,verkort,WW,
909713,verkozene,SPEC,
909956,verlaag,SPEC,
910211,verleg,SPEC,
910375,verlengde,SPEC,
910497,verliefde,SPEC,
910523,verliesgevend,ADJ,
910525,verliesgevend,WW,
910546,verliet,SPEC,
910795,verloren,ADJ,
910798,verloren,N,
910820,verlorenen,SPEC,
911061,verman,SPEC,
911098,vermant,SPEC,
911282,vermink,SPEC,
911441,vermoeide,SPEC,
911513,vermom,SPEC,
911587,vermoord,SPEC,
911602,vermoordde,SPEC,
911612,vermoorde,SPEC,
911804,vernederd,SPEC,
911957,vernietig,SPEC,
912106,vernieuwd,SPEC,
912313,verondersteld,SPEC,
912449,verontrust,ADJ,
912451,verontrust,WW,
912549,veroordeel,SPEC,
912551,veroordeeld,SPEC,
912626,veroorzaakte,SPEC,
912906,verplaats,SPEC,
913090,verpletterd,SPEC,
913298,verras,SPEC,
913333,verrassende,SPEC,
913444,verre,BW,
913446,verre,SPEC,
913512,verreweg,BW,
913758,versa,SPEC,
913792,verschaf,SPEC,
913879,verscheur,SPEC,
913881,verscheurd,SPEC,
914028,verscholen,ADJ,
914031,verscholen,N,
914064,verschoon,SPEC,
914091,verschrikkelijke,SPEC,
914189,verschuldigd,ADJ,
914192,verschuldigd,WW,
914241,versier,SPEC,
914249,versierd,SPEC,
914419,verslaat,SPEC,
914609,versloeg,SPEC,
914869,verspreid,ADJ,
914871,verspreid,WW,
915056,versteend,ADJ,
915059,versteend,WW,
915175,verstijfde,SPEC,
915250,verstoot,SPEC,
915488,verstuur,SPEC,
915530,vertaal,SPEC,
915564,vertaalt,SPEC,
915727,verteld,SPEC,
915814,vertellers,SPEC,
915825,vertelt,SPEC,
915923,vertoef,ADJ,
915925,vertoef,WW,
915984,vertoonde,SPEC,
915986,vertoont,SPEC,
916019,vertraagd,SPEC,
916204,vertroebelt,SPEC,
916807,vervoeg,SPEC,
916836,vervoerde,SPEC,
916874,vervoersbewijzen,SPEC,
916948,vervolgens,BW,
917202,verwachte,SPEC,
917244,verwachtingsvolle,SPEC,
917287,verwarden,SPEC,
917422,verwees,SPEC,
917463,verwelkom,SPEC,
917615,verwerp,SPEC,
917713,verwijderde,SPEC,
917809,verwikkeld,SPEC,
917831,verwissel,SPEC,
917941,verwonde,SPEC,
918216,verzegel,SPEC,
918249,verzeker,BW,
918292,verzekeringen,SPEC,
918716,verzocht,SPEC,
918825,verzorg,SPEC,
918831,verzorgde,SPEC,
919046,vespers,SPEC,
919073,vesten,SPEC,
919090,vestig,SPEC,
919214,vetcellen,SPEC,
919261,veteranen,SPEC,
919565,vetzakken,SPEC,
919713,via,SPEC,
919715,via,VZ,
919981,vice,SPEC,
921396,vierde,SPEC,
921398,vierde,TW,
921438,vierdubbele,SPEC,
921440,vierduizend,TW,
921476,vierendertig,TW,
921490,vierennegentig,TW,
921492,vierentachtig,TW,
921494,vierentwintig,TW,
921500,vierenveertig,SPEC,
921502,vierenveertig,TW,
921505,vierenvijftig,TW,
921508,vierenzestig,TW,
921514,vierenzeventig,TW,
921530,vierhonderd,TW,
921641,viermaal,BW,
921888,vietnamezen,SPEC,
922256,vijfendertig,TW,
922283,vijfentachtig,TW,
922286,vijfentwintig,TW,
922292,vijfentwintigduizend,TW,
922304,vijfenvijftig,TW,
922307,vijfenzestig,TW,
922310,vijfenzeventig,TW,
922330,vijfhonderd,TW,
922420,vijfmaal,BW,
922505,vijftienhonderd,TW,
922817,vilders,SPEC,
923562,ving,SPEC,
923611,vingerafdrukken,SPEC,
924474,viriele,SPEC,
924499,virtual,SPEC,
925306,vissers,SPEC,
925623,vitae,SPEC,
925638,vitale,SPEC,
928072,vlij,ADJ,
928074,vlij,WW,
929051,vluchtelingen,SPEC,
929629,vodden,SPEC,
930621,voetbalvandalen,SPEC,
930838,voetstappen,SPEC,
930924,vogelaars,SPEC,
931128,vogels,SPEC,
931445,volbloeden,SPEC,
931509,voldaan,ADJ,
931512,voldaan,WW,
931606,volg,SPEC,
931652,volgeboekt,ADJ,
931655,volgeboekt,WW,
931705,volgende,ADJ,
931707,volgende,WW,
932310,volle,SPEC,
932416,volmaakte,SPEC,
932461,volop,BW,
932582,volstaat,SPEC,
932591,volstond,SPEC,
932754,voluit,BW,
933592,vooraf,BW,
933614,voorafgegaan,SPEC,
933625,vooral,BW,
933627,vooral,SPEC,
933631,vooraleer,VG,
933637,vooralsnog,BW,
933776,voorbereidend,SPEC,
934030,voordat,VG,
934033,voordat,VZ,
934114,voordien,BW,
934199,vooreerst,BW,
934245,voorgangers,SPEC,
934319,voorgevoelens,SPEC,
934376,voorheen,BW,
934453,voorin,BW,
934944,voornaamste,SPEC,
934964,voornemens,BW,
935006,voorop,BW,
935037,voorover,BW,
935279,voorrondes,SPEC,
935908,voorts,BW,
936195,voorvaderen,SPEC,
936268,voorwaar,BW,
936270,voorwaar,SPEC,
936414,voorzeker,BW,
936468,voorzie,SPEC,
936700,voren,BW,
937059,vossen,SPEC,
938154,vredestichters,SPEC,
938388,vreemdgaat,SPEC,
938965,vriest,SPEC,
939069,vrijdag,SPEC,
939099,vrijdagen,SPEC,
939220,vrijers,SPEC,
939287,vrijgelaten,SPEC,
939334,vrijgevochten,ADJ,
939336,vrijgevochten,N,
939601,vrijheidsstrijders,SPEC,
939763,vrijmetselaars,SPEC,
940232,vrolijke,SPEC,
940461,vrouwen,SPEC,
940946,vrouwenstudies,SPEC,
941326,vruchten,SPEC,
942318,vurige,SPEC,
942329,vut,SPEC,
942489,vuurgevechten,SPEC,
942792,vuurwapens,SPEC,
943705,waaraan,BW,
943722,waarbij,BW,
943724,waarbinnen,BW,
943946,waardoor,BW,
943954,waargebeurd,ADJ,
943957,waargebeurd,WW,
944089,waarin,BW,
944133,waarmede,BW,
944135,waarmee,BW,
944144,waarna,BW,
944146,waarnaar,BW,
944148,waarnaartoe,BW,
944261,waaronder,BW,
944263,waaronder,SPEC,
944271,waarover,BW,
944273,waarover,VG,
944419,waarschuwingsschoten,SPEC,
944457,waartoe,BW,
944465,waaruit,BW,
944467,waarvan,BW,
944472,waarvandaan,BW,
945256,wagenwijd,ADJ,
945258,wagenwijd,WW,
945523,wakeman,SPEC,
945742,walden,SPEC,
945921,walk,SPEC,
945973,walkers,SPEC,
946466,walt,SPEC,
946930,walvissen,SPEC,
947162,wandelingetje,SPEC,
947410,wanhopige,SPEC,
947471,wanneer,ADJ,
947473,wanneer,BW,
947476,wanneer,SPEC,
947478,wanneer,VG,
947480,wanneer,WW,
947756,wapenbezitters,SPEC,
948064,wapens,SPEC,
948384,warden,SPEC,
950358,waterfront,SPEC,
950593,waterloo,SPEC,
950615,watermannen,SPEC,
950843,waters,SPEC,
951061,watertanks,SPEC,
951420,watts,SPEC,
952456,wederom,BW,
952458,wederom,SPEC,
952552,wedijverde,SPEC,
953198,weel,BW,
953200,weel,SPEC,
953231,ween,SPEC,
953305,weeral,BW,
953391,weergaloze,SPEC,
953559,weerom,BW,
953670,weersta,SPEC,
953744,weert,SPEC,
953835,weerwolven,SPEC,
953935,weesgegroetjes,SPEC,
953982,weeskinderen,SPEC,
954355,wegdommelde,SPEC,
954517,wegga,SPEC,
954552,weggeblazen,SPEC,
954567,weggeglipt,SPEC,
955101,wegpiraten,SPEC,
955991,weiger,SPEC,
955998,weigerden,SPEC,
956612,weldra,BW,
956639,weleer,BW,
956641,weleer,SPEC,
956678,welgemeend,ADJ,
956681,welgemeend,WW,
956695,welgesteld,ADJ,
956700,welgesteld,WW,
956702,welgeteld,BW,
956721,welhaast,BW,
956728,weliswaar,BW,
956749,welke,VNW,
956757,welker,SPEC,
957050,wellicht,BW,
957058,wellington,SPEC,
957072,wellingtons,SPEC,
957120,welluidend,ADJ,
957123,welluidend,WW,
957201,welpen,SPEC,
957268,welt,SPEC,
957310,welteverstaan,BW,
957402,welwillende,SPEC,
957498,wemelt,SPEC,
957671,wendt,SPEC,
957786,weners,SPEC,
957939,wensend,SPEC,
957959,wenskaarten,SPEC,
958011,went,SPEC,
958032,wentelteefjes,SPEC,
958100,werd,SPEC,
958373,wereldkampioenschappen,SPEC,
958703,wereldwijde,SPEC,
958728,wereldwonderen,SPEC,
959044,werkers,SPEC,
959300,werknemers,SPEC,
959694,werkzoekenden,SPEC,
960550,westelijke,SPEC,
960632,westerlingen,SPEC,
961356,wethouders,SPEC,
963341,wiedes,BW,
963343,wiedeweerga,BW,
963449,wielen,SPEC,
963552,wienerschnitzel,SPEC,
963986,wijle,VNW,
964344,wijzelf,VNW,
964902,wilds,SPEC,
965472,wille,SPEC,
965557,willens,BW,
966444,willies,SPEC,
967009,winchesters,SPEC,
967107,winderige,SPEC,
967209,windmolens,SPEC,
967568,winkelcentra,SPEC,
969271,without,SPEC,
970427,woensdagen,SPEC,
970486,woeste,SPEC,
970635,woestijnratten,SPEC,
971059,wolken,SPEC,
971188,wolven,SPEC,
971494,wonderbaarlijke,SPEC,
971706,wonderwel,BW,
972447,woonwagens,SPEC,
972454,woonwijken,SPEC,
972513,woorden,SPEC,
972814,wordt,SPEC,
972944,world,SPEC,
973119,wormgaten,SPEC,
973200,worpen,SPEC,
973289,worstelkampioen,ADJ,
973291,worstelkampioen,N,
973918,wratten,SPEC,
973966,wrede,SPEC,
973968,wreder,SPEC,
974512,wurg,SPEC,
975907,xtc-pillen,SPEC,
976676,yankees,SPEC,
976712,yanks,SPEC,
976849,yards,SPEC,
977282,yes,SPEC,
979657,zaden,SPEC,
980239,zakkig,ADJ,
980242,zakkig,WW,
980663,zander,SPEC,
980955,zangeressen,SPEC,
981353,zaterdagen,SPEC,
981771,zedelijke,SPEC,
981806,zedendelicten,SPEC,
981855,zedenzaken,SPEC,
982122,zeek,SPEC,
982251,zeemannen,SPEC,
983105,zegt,SPEC,
983303,zeikerds,SPEC,
983635,zekers,BW,
983740,zeldzaams,SPEC,
984512,zelfs,BW,
984740,zelfvoldaan,ADJ,
984745,zelfvoldaan,BW,
984747,zelfvoldaan,SPEC,
984750,zelfvoldaan,WW,
984881,zeloten,SPEC,
984883,zelve,BW,
985535,zeppelins,SPEC,
985766,zesde,SPEC,
985768,zesde,TW,
985794,zesduizend,TW,
985799,zesendertig,TW,
985816,zesennegentig,TW,
985818,zesentachtig,TW,
985822,zesentwintig,TW,
985836,zesenvijftig,TW,
985839,zesenzestig,TW,
985842,zesenzeventig,TW,
985851,zeshonderd,TW,
985858,zeshonderdduizend,TW,
985884,zesje,SPEC,
985899,zesmaal,BW,
985950,zestienduizend,TW,
985953,zestienhonderd,TW,
985960,zestig,TW,
985969,zestigduizend,TW,
986337,zevende,SPEC,
986339,zevende,TW,
986353,zevenduizend,TW,
986360,zevenendertig,TW,
986386,zevenentachtig,TW,
986391,zevenentwintig,TW,
986396,zevenenveertig,TW,
986400,zevenenvijftig,TW,
986405,zevenenzeventig,TW,
986411,zevenhonderd,TW,
986436,zevenmaal,BW,
986440,zevens,SPEC,
986786,zichzelf,BW,
986788,zichzelf,VNW,
987216,ziekenhuizen,SPEC,
987702,zienderogen,BW,
988379,zijne,VNW,
988396,zijns,SPEC,
989809,zoal,BW,
989907,zodat,VG,
989910,zodat,VZ,
989980,zodoende,BW,
989984,zodra,VG,
989986,zodra,VZ,
990182,zoekgeraakte,SPEC,
990279,zoekt,SPEC,
990608,zogeheten,ADJ,
990610,zogeheten,N,
990674,zoiets,BW,
990676,zoiets,VNW,
990704,zojuist,BW,
990720,zolang,BW,
990722,zolang,VG,
990889,zombies,SPEC,
991291,zomin,BW,
991396,zondagen,SPEC,
991752,zonet,BW,
991784,zonk,SPEC,
992105,zonnetempel,SPEC,
992402,zopas,BW,
992580,zorgverzekeraars,SPEC,
992715,zou,SPEC,
992784,zoute,SPEC,
992966,zoveelste,TW,
993008,zowat,BW,
993014,zowel,BW,
993047,zozo,BW,
993650,zuiderlingen,SPEC,
993839,zuidwesten,ADJ,
993841,zuidwesten,N,
993879,zuig,SPEC,
993923,zuigend,SPEC,
993925,zuigende,SPEC,
994009,zuigt,SPEC,
994160,zuivere,SPEC,
994329,zulke,VNW,
994716,zusters,SPEC,
995211,zwaarbeveiligd,ADJ,
995213,zwaarbeveiligd,WW,
995346,zwaardvissen,SPEC,
995639,zwakt,TW,
995725,zwanen,SPEC,
996300,zwarts,SPEC,
996629,zwel,SPEC,
997053,zwerf,SPEC,
997304,zwijg,SPEC,
997547,zwoegt,SPEC,
997564,zwol,SPEC,
